Branch,Unit price,Quantity,Tax 5%,Total,cogs,gross income,Rating
1,74.69,7,261415,5489715,522.83,261415,9.1
3,15.28,5,3.82,80.22,76.4,3.82,9.6
1,46.33,7,162155,3405255,324.31,162155,7.4
1,58.22,8,23288,489048,465.76,23288,8.4
1,86.31,7,302085,6343785,604.17,302085,5.3
3,85.39,7,298865,6276165,597.73,298865,4.1
1,68.84,6,20652,433692,413.04,20652,5.8
3,73.56,10,36.78,772.38,735.6,36.78,8
1,36.26,2,3626,76146,72.52,3626,7.2
2,54.84,3,8226,172746,164.52,8226,5.9
2,14.48,4,2896,60816,57.92,2896,4.5
2,25.51,4,5102,107142,102.04,5102,6.8
1,46.95,5,117375,2464875,234.75,117375,7.1
1,43.19,10,21595,453495,431.9,21595,8.2
1,71.38,10,35.69,749.49,713.8,35.69,5.7
2,93.72,6,28116,590436,562.32,28116,4.5
1,68.93,7,241255,5066355,482.51,241255,4.6
1,72.61,6,21783,457443,435.66,21783,6.9
1,54.67,3,82005,1722105,164.01,82005,8.6
2,40.3,2,4.03,84.63,80.6,4.03,4.4
3,86.04,5,21.51,451.71,430.2,21.51,4.8
2,87.98,3,13197,277137,263.94,13197,5.1
2,33.2,2,3.32,69.72,66.4,3.32,4.4
1,34.56,5,8.64,181.44,172.8,8.64,9.9
1,88.63,3,132945,2791845,265.89,132945,6
1,52.59,8,21036,441756,420.72,21036,8.5
2,33.52,1,1676,35196,33.52,1676,6.7
1,87.67,2,8767,184107,175.34,8767,7.7
2,88.36,5,22.09,463.89,441.8,22.09,9.6
1,24.89,9,112005,2352105,224.01,112005,7.4
2,94.13,5,235325,4941825,470.65,235325,4.8
2,78.07,9,351315,7377615,702.63,351315,4.5
2,83.78,8,33512,703752,670.24,33512,5.1
1,96.58,2,9658,202818,193.16,9658,5.1
3,99.42,4,19884,417564,397.68,19884,7.5
3,68.12,1,3406,71526,68.12,3406,6.8
1,62.62,5,15655,328755,313.1,15655,7
1,60.88,9,27396,575316,547.92,27396,4.7
3,54.92,8,21968,461328,439.36,21968,7.6
2,30.12,8,12048,253008,240.96,12048,7.7
2,86.72,1,4336,91056,86.72,4336,7.9
3,56.11,2,5611,117831,112.22,5611,6.3
2,69.12,6,20736,435456,414.72,20736,5.6
3,98.7,8,39.48,829.08,789.6,39.48,7.6
3,15.37,2,1537,32277,30.74,1537,7.2
2,93.96,4,18792,394632,375.84,18792,9.5
2,56.69,9,255105,5357205,510.21,255105,8.4
2,20.01,9,90045,1890945,180.09,90045,4.1
2,18.93,6,5679,119259,113.58,5679,8.1
3,82.63,10,41315,867615,826.3,41315,7.9
3,91.4,7,31.99,671.79,639.8,31.99,9.5
1,44.59,5,111475,2340975,222.95,111475,8.5
2,17.87,4,3574,75054,71.48,3574,6.5
3,15.43,1,0.7715,162015,15.43,0.7715,6.1
2,16.16,2,1616,33936,32.32,1616,6.5
3,85.98,8,34392,722232,687.84,34392,8.2
1,44.34,2,4434,93114,88.68,4434,5.8
1,89.6,8,35.84,752.64,716.8,35.84,6.6
1,72.35,10,36175,759675,723.5,36175,5.4
3,30.61,6,9183,192843,183.66,9183,9.3
3,24.74,3,3711,77931,74.22,3711,10
3,55.73,6,16719,351099,334.38,16719,7
2,55.07,9,247815,5204115,495.63,247815,10
1,15.81,10,7905,166005,158.1,7905,8.6
2,75.74,4,15148,318108,302.96,15148,7.6
1,15.87,10,7935,166635,158.7,7935,5.8
3,33.47,2,3347,70287,66.94,3347,6.7
2,97.61,6,29283,614943,585.66,29283,9.9
1,78.77,10,39385,827085,787.7,39385,6.4
1,18.33,1,0.9165,192465,18.33,0.9165,4.3
3,89.48,10,44.74,939.54,894.8,44.74,9.6
3,62.12,10,31.06,652.26,621.2,31.06,5.9
2,48.52,3,7278,152838,145.56,7278,4
3,75.91,6,22773,478233,455.46,22773,8.7
1,74.67,9,336015,7056315,672.03,336015,9.4
3,41.65,10,20825,437325,416.5,20825,5.4
3,49.04,9,22068,463428,441.36,22068,8.6
1,20.01,9,90045,1890945,180.09,90045,5.7
3,78.31,10,39155,822255,783.1,39155,6.6
3,20.38,5,5095,106995,101.9,5095,6
3,99.19,6,29757,624897,595.14,29757,5.5
2,96.68,3,14502,304542,290.04,14502,6.4
3,19.25,8,7.7,161.7,154,7.7,6.6
3,80.36,4,16072,337512,321.44,16072,8.3
3,48.91,5,122275,2567775,244.55,122275,6.6
3,83.06,7,29071,610491,581.42,29071,4
3,76.52,5,19.13,401.73,382.6,19.13,9.9
1,49.38,7,17283,362943,345.66,17283,7.3
1,42.47,1,21235,445935,42.47,21235,5.7
2,76.99,6,23097,485037,461.94,23097,6.1
3,47.38,4,9476,198996,189.52,9476,7.1
3,44.86,10,22.43,471.03,448.6,22.43,8.2
1,21.98,7,7693,161553,153.86,7693,5.1
2,64.36,9,28962,608202,579.24,28962,8.6
3,89.75,1,44875,942375,89.75,44875,6.6
1,97.16,1,4858,102018,97.16,4858,7.2
2,87.87,10,43935,922635,878.7,43935,5.1
3,12.45,6,3735,78435,74.7,3735,4.1
1,52.75,3,79125,1661625,158.25,79125,9.3
2,82.7,6,24.81,521.01,496.2,24.81,7.4
3,48.71,1,24355,511455,48.71,24355,4.1
3,78.55,9,353475,7422975,706.95,353475,7.2
3,23.07,9,103815,2180115,207.63,103815,4.9
1,58.26,6,17478,367038,349.56,17478,9.9
2,30.35,7,106225,2230725,212.45,106225,8
1,88.67,10,44335,931035,886.7,44335,7.3
3,27.38,6,8214,172494,164.28,8214,7.9
1,62.13,6,18639,391419,372.78,18639,7.4
3,33.98,9,15291,321111,305.82,15291,4.2
3,81.97,10,40985,860685,819.7,40985,9.2
2,16.49,2,1649,34629,32.98,1649,4.6
3,98.21,3,147315,3093615,294.63,147315,7.8
2,72.84,7,25494,535374,509.88,25494,8.4
1,58.07,9,261315,5487615,522.63,261315,4.3
3,80.79,9,363555,7634655,727.11,363555,9.5
3,27.02,3,4053,85113,81.06,4053,7.1
2,21.94,5,5485,115185,109.7,5485,5.3
2,51.36,1,2568,53928,51.36,2568,5.2
1,10.96,10,5.48,115.08,109.6,5.48,6
2,53.44,2,5344,112224,106.88,5344,4.1
1,99.56,8,39824,836304,796.48,39824,5.2
3,57.12,7,19992,419832,399.84,19992,6.5
2,99.96,9,44982,944622,899.64,44982,4.2
3,63.91,8,25564,536844,511.28,25564,4.6
2,56.47,8,22588,474348,451.76,22588,7.3
1,93.69,7,327915,6886215,655.83,327915,4.5
1,32.25,5,80625,1693125,161.25,80625,9
3,31.73,9,142785,2998485,285.57,142785,5.9
3,68.54,8,27416,575736,548.32,27416,8.5
2,90.28,9,40626,853146,812.52,40626,7.2
2,39.62,7,13867,291207,277.34,13867,7.5
1,92.13,6,27639,580419,552.78,27639,8.3
2,34.84,4,6968,146328,139.36,6968,7.4
2,87.45,6,26235,550935,524.7,26235,8.8
3,81.3,6,24.39,512.19,487.8,24.39,5.3
3,90.22,3,13533,284193,270.66,13533,6.2
1,26.31,5,65775,1381275,131.55,65775,8.8
1,34.42,6,10326,216846,206.52,10326,9.8
2,51.91,10,25955,545055,519.1,25955,8.2
1,72.5,8,29,609,580,29,9.2
3,89.8,10,44.9,942.9,898,44.9,5.4
3,90.5,10,45.25,950.25,905,45.25,8.1
3,68.6,10,34.3,720.3,686,34.3,9.1
3,30.41,1,15205,319305,30.41,15205,8.4
1,77.95,6,23385,491085,467.7,23385,8
3,46.26,6,13878,291438,277.56,13878,9.5
1,30.14,10,15.07,316.47,301.4,15.07,9.2
3,66.14,4,13228,277788,264.56,13228,5.6
2,71.86,8,28744,603624,574.88,28744,6.2
1,32.46,8,12984,272664,259.68,12984,4.9
2,91.54,4,18308,384468,366.16,18308,4.8
3,34.56,7,12096,254016,241.92,12096,7.3
1,83.24,9,37458,786618,749.16,37458,7.4
3,16.48,6,4944,103824,98.88,4944,9.9
3,80.97,8,32388,680148,647.76,32388,9.3
1,92.29,5,230725,4845225,461.45,230725,9
2,72.17,1,36085,757785,72.17,36085,6.1
2,50.28,5,12.57,263.97,251.4,12.57,9.7
2,97.22,9,43749,918729,874.98,43749,6
2,93.39,6,28017,588357,560.34,28017,10
3,43.18,8,17272,362712,345.44,17272,8.3
1,63.69,1,31845,668745,63.69,31845,6
1,45.79,7,160265,3365565,320.53,160265,7
3,76.4,2,7.64,160.44,152.8,7.64,6.5
2,39.9,10,19.95,418.95,399,19.95,5.9
2,42.57,8,17028,357588,340.56,17028,5.6
3,95.58,10,47.79,1003.59,955.8,47.79,4.8
1,98.98,10,49.49,1039.29,989.8,49.49,8.7
1,51.28,6,15384,323064,307.68,15384,6.5
1,69.52,7,24332,510972,486.64,24332,8.5
1,70.01,5,175025,3675525,350.05,175025,5.5
2,80.05,5,200125,4202625,400.25,200125,9.4
3,20.85,8,8.34,175.14,166.8,8.34,6.3
2,52.89,6,15867,333207,317.34,15867,9.8
2,19.79,8,7916,166236,158.32,7916,8.7
1,33.84,9,15228,319788,304.56,15228,8.8
1,22.17,8,8868,186228,177.36,8868,9.6
3,22.51,7,78785,1654485,157.57,78785,4.8
1,73.88,6,22164,465444,443.28,22164,4.4
3,86.8,3,13.02,273.42,260.4,13.02,9.9
3,64.26,7,22491,472311,449.82,22491,5.7
3,38.47,8,15388,323148,307.76,15388,7.7
1,15.5,10,7.75,162.75,155,7.75,8
3,34.31,8,13724,288204,274.48,13724,5.7
1,12.34,7,4319,90699,86.38,4319,6.7
2,18.08,3,2712,56952,54.24,2712,8
2,94.49,8,37796,793716,755.92,37796,7.5
2,46.47,4,9294,195174,185.88,9294,7
1,74.07,1,37035,777735,74.07,37035,9.9
3,69.81,4,13962,293202,279.24,13962,5.9
2,77.04,3,11556,242676,231.12,11556,7.2
2,73.52,2,7352,154392,147.04,7352,4.6
3,87.8,9,39.51,829.71,790.2,39.51,9.2
2,25.55,4,5.11,107.31,102.2,5.11,5.7
1,32.71,5,81775,1717275,163.55,81775,9.9
3,74.29,1,37145,780045,74.29,37145,5
3,43.7,2,4.37,91.77,87.4,4.37,4.9
1,25.29,1,12645,265545,25.29,12645,6.1
3,41.5,4,8.3,174.3,166,8.3,8.2
3,71.39,5,178475,3747975,356.95,178475,5.5
3,19.15,6,5745,120645,114.9,5745,6.8
2,57.49,4,11498,241458,229.96,11498,6.6
3,61.41,7,214935,4513635,429.87,214935,9.8
2,25.9,10,12.95,271.95,259,12.95,8.7
2,17.77,5,44425,932925,88.85,44425,5.4
1,23.03,9,103635,2176335,207.27,103635,7.9
3,66.65,9,299925,6298425,599.85,299925,9.7
3,28.53,10,14265,299565,285.3,14265,7.8
2,30.37,3,45555,956655,91.11,45555,5.1
2,99.73,9,448785,9424485,897.57,448785,6.5
1,26.23,9,118035,2478735,236.07,118035,5.9
3,93.26,9,41967,881307,839.34,41967,8.8
2,92.36,5,23.09,484.89,461.8,23.09,4.9
2,46.42,3,6963,146223,139.26,6963,4.4
2,29.61,7,103635,2176335,207.27,103635,6.5
1,18.28,1,0.914,19194,18.28,0.914,8.3
2,24.77,5,61925,1300425,123.85,61925,8.5
1,94.64,3,14196,298116,283.92,14196,5.5
2,94.87,8,37948,796908,758.96,37948,8.7
2,57.34,3,8601,180621,172.02,8601,7.9
2,45.35,6,13605,285705,272.1,13605,6.1
2,62.08,7,21728,456288,434.56,21728,5.4
3,11.81,5,29525,620025,59.05,29525,9.4
3,12.54,1,0.627,13167,12.54,0.627,8.2
1,43.25,2,4325,90825,86.5,4325,6.2
3,87.16,2,8716,183036,174.32,8716,9.7
2,69.37,9,312165,6555465,624.33,312165,4
3,37.06,4,7412,155652,148.24,7412,9.7
2,90.7,6,27.21,571.41,544.2,27.21,5.3
1,63.42,8,25368,532728,507.36,25368,7.4
2,81.37,2,8137,170877,162.74,8137,6.5
2,10.59,3,15885,333585,31.77,15885,8.7
2,84.09,9,378405,7946505,756.81,378405,8
2,73.82,4,14764,310044,295.28,14764,6.7
1,51.94,10,25.97,545.37,519.4,25.97,6.5
1,93.14,2,9314,195594,186.28,9314,4.1
3,17.41,5,43525,914025,87.05,43525,4.9
3,44.22,5,11055,232155,221.1,11055,8.6
2,13.22,5,3305,69405,66.1,3305,4.3
1,89.69,1,44845,941745,89.69,44845,4.9
1,24.94,9,11223,235683,224.46,11223,5.6
1,59.77,2,5977,125517,119.54,5977,5.8
3,93.2,2,9.32,195.72,186.4,9.32,6
1,62.65,4,12.53,263.13,250.6,12.53,4.2
2,93.87,8,37548,788508,750.96,37548,8.3
1,47.59,8,19036,399756,380.72,19036,5.7
2,81.4,3,12.21,256.41,244.2,12.21,4.8
1,17.94,5,4485,94185,89.7,4485,6.8
1,77.72,4,15544,326424,310.88,15544,8.8
2,73.06,7,25571,536991,511.42,25571,4.2
2,46.55,9,209475,4398975,418.95,209475,6.4
3,35.19,10,17595,369495,351.9,17595,8.4
3,14.39,2,1439,30219,28.78,1439,7.2
1,23.75,4,4.75,99.75,95,4.75,5.2
1,58.9,8,23.56,494.76,471.2,23.56,8.9
2,32.62,4,6524,137004,130.48,6524,9
1,66.35,1,33175,696675,66.35,33175,9.7
1,25.91,6,7773,163233,155.46,7773,8.7
1,32.25,4,6.45,135.45,129,6.45,6.5
3,65.94,4,13188,276948,263.76,13188,6.9
1,75.06,9,33777,709317,675.54,33777,6.2
3,16.45,4,3.29,69.09,65.8,3.29,5.6
2,38.3,4,7.66,160.86,153.2,7.66,5.7
1,22.24,10,11.12,233.52,222.4,11.12,4.2
2,54.45,1,27225,571725,54.45,27225,7.9
1,98.4,7,34.44,723.24,688.8,34.44,8.7
3,35.47,4,7094,148974,141.88,7094,6.9
2,74.6,10,37.3,783.3,746,37.3,9.5
1,70.74,4,14148,297108,282.96,14148,4.4
1,35.54,10,17.77,373.17,355.4,17.77,7
2,67.43,5,168575,3540075,337.15,168575,6.3
3,21.12,2,2112,44352,42.24,2112,9.7
1,21.54,9,9693,203553,193.86,9693,8.8
1,12.03,2,1203,25263,24.06,1203,5.1
2,99.71,6,29913,628173,598.26,29913,7.9
2,47.97,7,167895,3525795,335.79,167895,6.2
3,21.82,10,10.91,229.11,218.2,10.91,7.1
3,95.42,4,19084,400764,381.68,19084,6.4
3,70.99,10,35495,745395,709.9,35495,5.7
1,44.02,10,22.01,462.21,440.2,22.01,9.6
1,69.96,8,27984,587664,559.68,27984,6.4
3,37,1,1.85,38.85,37,1.85,7.9
1,15.34,1,0.767,16107,15.34,0.767,6.5
1,99.83,6,29949,628929,598.98,29949,8.5
1,47.67,4,9534,200214,190.68,9534,9.1
2,66.68,5,16.67,350.07,333.4,16.67,7.6
3,74.86,1,3743,78603,74.86,3743,6.9
3,23.75,9,106875,2244375,213.75,106875,9.5
2,48.51,7,169785,3565485,339.57,169785,5.2
1,94.88,7,33208,697368,664.16,33208,4.2
2,40.3,10,20.15,423.15,403,20.15,7
3,27.85,7,97475,2046975,194.95,97475,6
1,62.48,1,3124,65604,62.48,3124,4.7
1,36.36,2,3636,76356,72.72,3636,7.1
2,18.11,10,9055,190155,181.1,9055,5.9
3,51.92,5,12.98,272.58,259.6,12.98,7.5
3,28.84,4,5768,121128,115.36,5768,6.4
1,78.38,6,23514,493794,470.28,23514,5.8
1,60.01,4,12002,252042,240.04,12002,4.5
3,88.61,1,44305,930405,88.61,44305,7.7
3,99.82,2,9982,209622,199.64,9982,6.7
2,39.01,1,19505,409605,39.01,19505,4.7
3,48.61,1,24305,510405,48.61,24305,4.4
1,51.19,4,10238,214998,204.76,10238,4.7
2,14.96,8,5984,125664,119.68,5984,8.6
1,72.2,7,25.27,530.67,505.4,25.27,4.3
1,40.23,7,140805,2956905,281.61,140805,9.6
1,88.79,8,35516,745836,710.32,35516,4.1
1,26.48,3,3972,83412,79.44,3972,4.7
1,81.91,2,8191,172011,163.82,8191,7.8
2,79.93,6,23979,503559,479.58,23979,5.5
3,69.33,2,6933,145593,138.66,6933,9.7
1,14.23,5,35575,747075,71.15,35575,4.4
1,15.55,9,69975,1469475,139.95,69975,5
3,78.13,10,39065,820365,781.3,39065,4.4
3,99.37,2,9937,208677,198.74,9937,5.2
3,21.08,3,3162,66402,63.24,3162,7.3
3,74.79,5,186975,3926475,373.95,186975,4.9
3,29.67,7,103845,2180745,207.69,103845,8.1
3,44.07,4,8814,185094,176.28,8814,8.4
3,22.93,9,103185,2166885,206.37,103185,5.5
3,39.42,1,1971,41391,39.42,1971,8.4
1,15.26,6,4578,96138,91.56,4578,9.8
1,61.77,5,154425,3242925,308.85,154425,6.7
1,21.52,6,6456,135576,129.12,6456,9.4
2,97.74,4,19548,410508,390.96,19548,6.4
1,99.78,5,24945,523845,498.9,24945,5.4
3,94.26,4,18852,395892,377.04,18852,8.6
2,51.13,4,10226,214746,204.52,10226,4
1,36.36,4,7272,152712,145.44,7272,7.6
2,22.02,9,9909,208089,198.18,9909,6.8
1,32.9,3,4935,103635,98.7,4935,9.1
1,77.02,5,19255,404355,385.1,19255,5.5
1,23.48,2,2348,49308,46.96,2348,7.9
3,14.7,5,3675,77175,73.5,3675,8.5
1,28.45,5,71125,1493625,142.25,71125,9.1
1,76.4,9,34.38,721.98,687.6,34.38,7.5
2,57.95,6,17385,365085,347.7,17385,5.2
3,47.65,3,71475,1500975,142.95,71475,9.5
2,42.82,9,19269,404649,385.38,19269,8.9
2,48.09,3,72135,1514835,144.27,72135,7.8
2,55.97,7,195895,4113795,391.79,195895,8.9
2,76.9,7,26915,565215,538.3,26915,7.7
3,97.03,5,242575,5094075,485.15,242575,9.3
1,44.65,3,66975,1406475,133.95,66975,6.2
1,77.93,9,350685,7364385,701.37,350685,7.6
1,71.95,1,35975,755475,71.95,35975,7.3
3,89.25,8,35.7,749.7,714,35.7,4.7
1,26.02,7,9107,191247,182.14,9107,5.1
2,13.5,10,6.75,141.75,135,6.75,4.8
3,99.3,10,49.65,1042.65,993,49.65,6.6
1,51.69,7,180915,3799215,361.83,180915,5.5
2,54.73,7,191555,4022655,383.11,191555,8.5
2,27,9,12.15,255.15,243,12.15,4.8
3,30.24,1,1512,31752,30.24,1512,8.4
2,89.14,4,17828,374388,356.56,17828,7.8
3,37.55,10,18775,394275,375.5,18775,9.3
3,95.44,10,47.72,1002.12,954.4,47.72,5.2
2,27.5,3,4125,86625,82.5,4125,6.5
2,74.97,1,37485,787185,74.97,37485,5.6
1,80.96,8,32384,680064,647.68,32384,7.4
3,94.47,8,37788,793548,755.76,37788,9.1
3,99.79,2,9979,209559,199.58,9979,8
1,73.22,6,21966,461286,439.32,21966,7.2
3,41.24,4,8248,173208,164.96,8248,7.1
3,81.68,4,16336,343056,326.72,16336,9.1
3,51.32,9,23094,484974,461.88,23094,5.6
1,65.94,4,13188,276948,263.76,13188,6
3,14.36,10,7.18,150.78,143.6,7.18,5.4
1,21.5,9,9675,203175,193.5,9675,7.8
2,26.26,7,9191,193011,183.82,9191,9.9
2,60.96,2,6096,128016,121.92,6096,4.9
3,70.11,6,21033,441693,420.66,21033,5.2
3,42.08,6,12624,265104,252.48,12624,8.9
1,67.09,5,167725,3522225,335.45,167725,9.1
1,96.7,5,24175,507675,483.5,24175,7
2,35.38,9,15921,334341,318.42,15921,9.6
3,95.49,7,334215,7018515,668.43,334215,8.7
3,96.98,4,19396,407316,387.92,19396,9.4
2,23.65,4,4.73,99.33,94.6,4.73,4
1,82.33,4,16466,345786,329.32,16466,7.5
3,26.61,2,2661,55881,53.22,2661,4.2
2,99.69,5,249225,5233725,498.45,249225,9.9
3,74.89,4,14978,314538,299.56,14978,4.2
1,40.94,5,10235,214935,204.7,10235,9.9
2,75.82,1,3791,79611,75.82,3791,5.8
3,46.77,6,14031,294651,280.62,14031,6
1,32.32,10,16.16,339.36,323.2,16.16,10
3,54.07,9,243315,5109615,486.63,243315,9.5
2,18.22,7,6377,133917,127.54,6377,6.6
3,80.48,3,12072,253512,241.44,12072,8.1
2,37.95,10,18975,398475,379.5,18975,9.7
1,76.82,1,3841,80661,76.82,3841,7.2
1,52.26,10,26.13,548.73,522.6,26.13,6.2
1,79.74,1,3987,83727,79.74,3987,7.3
1,77.5,5,19375,406875,387.5,19375,4.3
1,54.27,5,135675,2849175,271.35,135675,4.6
2,13.59,9,61155,1284255,122.31,61155,5.8
2,41.06,6,12318,258678,246.36,12318,8.3
2,19.24,9,8658,181818,173.16,8658,8
3,39.43,6,11829,248409,236.58,11829,9.4
3,46.22,4,9244,194124,184.88,9244,6.2
3,13.98,1,0.699,14679,13.98,0.699,9.8
2,39.75,5,99375,2086875,198.75,99375,9.6
3,97.79,7,342265,7187565,684.53,342265,4.9
1,67.26,4,13452,282492,269.04,13452,8
1,13.79,5,34475,723975,68.95,34475,7.8
2,68.71,4,13742,288582,274.84,13742,4.1
1,56.53,4,11306,237426,226.12,11306,5.5
3,23.82,5,5955,125055,119.1,5955,5.4
2,34.21,10,17105,359205,342.1,17105,5.1
2,21.87,2,2187,45927,43.74,2187,6.9
1,20.97,5,52425,1100925,104.85,52425,7.8
1,25.84,3,3876,81396,77.52,3876,6.6
1,50.93,8,20372,427812,407.44,20372,9.2
2,96.11,1,48055,1009155,96.11,48055,7.8
3,45.38,4,9076,190596,181.52,9076,8.7
3,81.51,1,40755,855855,81.51,40755,9.2
2,57.22,2,5722,120162,114.44,5722,8.3
1,25.22,7,8827,185367,176.54,8827,8.2
3,38.6,3,5.79,121.59,115.8,5.79,7.5
3,84.05,3,126075,2647575,252.15,126075,9.8
3,97.21,10,48605,1020705,972.1,48605,8.7
2,25.42,8,10168,213528,203.36,10168,6.7
3,16.28,1,0.814,17094,16.28,0.814,5
2,40.61,9,182745,3837645,365.49,182745,7
1,53.17,7,186095,3907995,372.19,186095,8.9
2,20.87,3,31305,657405,62.61,31305,8
2,67.27,5,168175,3531675,336.35,168175,6.9
1,90.65,10,45325,951825,906.5,45325,7.3
2,69.08,2,6908,145068,138.16,6908,6.9
3,43.27,2,4327,90867,86.54,4327,5.7
1,23.46,6,7038,147798,140.76,7038,6.4
2,95.54,7,33439,702219,668.78,33439,9.6
2,47.44,1,2372,49812,47.44,2372,6.8
3,99.24,9,44658,937818,893.16,44658,9
3,82.93,4,16586,348306,331.72,16586,9.6
1,33.99,6,10197,214137,203.94,10197,7.7
3,17.04,4,3408,71568,68.16,3408,7
3,40.86,8,16344,343224,326.88,16344,6.5
3,17.44,5,4.36,91.56,87.2,4.36,8.1
2,88.43,8,35372,742812,707.44,35372,4.3
1,89.21,9,401445,8430345,802.89,401445,6.5
3,12.78,1,0.639,13419,12.78,0.639,9.5
1,19.1,7,6685,140385,133.7,6685,9.7
2,19.15,1,0.9575,201075,19.15,0.9575,9.5
3,27.66,10,13.83,290.43,276.6,13.83,8.9
3,45.74,3,6861,144081,137.22,6861,6.5
2,27.07,1,13535,284235,27.07,13535,5.3
2,39.12,1,1956,41076,39.12,1956,9.6
2,74.71,6,22413,470673,448.26,22413,6.7
2,22.01,6,6603,138663,132.06,6603,7.6
1,63.61,5,159025,3339525,318.05,159025,4.8
1,25,1,1.25,26.25,25,1.25,5.5
1,20.77,4,4154,87234,83.08,4154,4.7
2,29.56,5,7.39,155.19,147.8,7.39,6.9
2,77.4,9,34.83,731.43,696.6,34.83,4.5
2,79.39,10,39695,833595,793.9,39695,6.2
3,46.57,10,23285,488985,465.7,23285,7.6
3,35.89,1,17945,376845,35.89,17945,7.9
3,40.52,5,10.13,212.73,202.6,10.13,4.5
2,73.05,10,36525,767025,730.5,36525,8.7
3,73.95,4,14.79,310.59,295.8,14.79,6.1
3,22.62,1,1131,23751,22.62,1131,6.4
1,51.34,5,12835,269535,256.7,12835,9.1
3,54.55,10,27275,572775,545.5,27275,7.1
3,37.15,7,130025,2730525,260.05,130025,7.7
2,37.02,6,11106,233226,222.12,11106,4.5
3,21.58,1,1079,22659,21.58,1079,7.2
3,98.84,1,4942,103782,98.84,4942,8.4
3,83.77,6,25131,527751,502.62,25131,5.4
1,40.05,4,8.01,168.21,160.2,8.01,9.7
1,43.13,10,21565,452865,431.3,21565,5.5
2,72.57,8,29028,609588,580.56,29028,4.6
1,64.44,5,16.11,338.31,322.2,16.11,6.6
1,65.18,3,9777,205317,195.54,9777,6.3
1,33.26,5,8315,174615,166.3,8315,4.2
3,84.07,4,16814,353094,336.28,16814,4.4
2,34.37,10,17185,360885,343.7,17185,6.7
1,38.6,1,1.93,40.53,38.6,1.93,6.7
3,65.97,8,26388,554148,527.76,26388,8.4
3,32.8,10,16.4,344.4,328,16.4,6.2
1,37.14,5,9285,194985,185.7,9285,5
2,60.38,10,30.19,633.99,603.8,30.19,6
3,36.98,10,18.49,388.29,369.8,18.49,7
2,49.49,4,9898,207858,197.96,9898,6.6
2,41.09,10,20545,431445,410.9,20545,7.3
1,37.15,4,7.43,156.03,148.6,7.43,8.3
3,22.96,1,1148,24108,22.96,1148,4.3
2,77.68,9,34956,734076,699.12,34956,9.8
2,34.7,2,3.47,72.87,69.4,3.47,8.2
1,19.66,10,9.83,206.43,196.6,9.83,7.2
2,25.32,8,10128,212688,202.56,10128,8.7
3,12.12,10,6.06,127.26,121.2,6.06,8.4
2,99.89,2,9989,209769,199.78,9989,7.1
2,75.92,8,30368,637728,607.36,30368,5.5
3,63.22,2,6322,132762,126.44,6322,8.5
3,90.24,6,27072,568512,541.44,27072,6.2
2,98.13,1,49065,1030365,98.13,49065,8.9
1,51.52,8,20608,432768,412.16,20608,9.6
2,73.97,1,36985,776685,73.97,36985,5.4
3,31.9,1,1595,33495,31.9,1595,9.1
3,69.4,2,6.94,145.74,138.8,6.94,9
2,93.31,2,9331,195951,186.62,9331,6.3
2,88.45,1,44225,928725,88.45,44225,9.5
1,24.18,8,9672,203112,193.44,9672,9.8
2,48.5,3,7275,152775,145.5,7275,6.7
2,84.05,6,25215,529515,504.3,25215,7.7
2,61.29,5,153225,3217725,306.45,153225,7
3,15.95,6,4785,100485,95.7,4785,5.1
2,90.74,7,31759,666939,635.18,31759,6.2
1,42.91,5,107275,2252775,214.55,107275,6.1
1,54.28,7,18998,398958,379.96,18998,9.3
1,99.55,7,348425,7316925,696.85,348425,7.6
3,58.39,7,204365,4291665,408.73,204365,8.2
3,51.47,1,25735,540435,51.47,25735,8.5
2,54.86,5,13715,288015,274.3,13715,9.8
3,39.39,5,98475,2067975,196.95,98475,8.7
1,34.73,2,3473,72933,69.46,3473,9.7
3,71.92,5,17.98,377.58,359.6,17.98,4.3
2,45.71,3,68565,1439865,137.13,68565,7.7
3,83.17,6,24951,523971,499.02,24951,7.3
1,37.44,6,11232,235872,224.64,11232,5.9
3,62.87,2,6287,132027,125.74,6287,5
1,81.71,6,24513,514773,490.26,24513,8
1,91.41,5,228525,4799025,457.05,228525,7.1
2,39.21,4,7842,164682,156.84,7842,9
2,59.86,2,5986,125706,119.72,5986,6.7
2,54.36,10,27.18,570.78,543.6,27.18,6.1
1,98.09,9,441405,9269505,882.81,441405,9.3
1,25.43,6,7629,160209,152.58,7629,7
1,86.68,8,34672,728112,693.44,34672,7.2
2,22.95,10,11475,240975,229.5,11475,8.2
3,16.31,9,73395,1541295,146.79,73395,8.4
1,28.32,5,7.08,148.68,141.6,7.08,6.2
3,16.67,7,58345,1225245,116.69,58345,7.4
2,73.96,1,3698,77658,73.96,3698,5
1,97.94,1,4897,102837,97.94,4897,6.9
1,73.05,4,14.61,306.81,292.2,14.61,4.9
3,87.48,6,26244,551124,524.88,26244,5.1
1,30.68,3,4602,96642,92.04,4602,9.1
3,75.88,1,3794,79674,75.88,3794,7.1
2,20.18,4,4036,84756,80.72,4036,5
3,18.77,6,5631,118251,112.62,5631,5.5
2,71.2,1,3.56,74.76,71.2,3.56,9.2
2,38.81,4,7762,163002,155.24,7762,4.9
1,29.42,10,14.71,308.91,294.2,14.71,8.9
1,60.95,9,274275,5759775,548.55,274275,6
2,51.54,5,12885,270585,257.7,12885,4.2
1,66.06,6,19818,416178,396.36,19818,7.3
2,57.27,3,85905,1804005,171.81,85905,6.5
2,54.31,9,244395,5132295,488.79,244395,8.9
2,58.24,9,26208,550368,524.16,26208,9.7
3,22.21,6,6663,139923,133.26,6663,8.6
1,19.32,7,6762,142002,135.24,6762,6.9
2,37.48,3,5622,118062,112.44,5622,7.7
2,72.04,2,7204,151284,144.08,7204,9.5
3,98.52,10,49.26,1034.46,985.2,49.26,4.5
1,41.66,6,12498,262458,249.96,12498,5.6
1,72.42,3,10863,228123,217.26,10863,8.2
2,21.58,9,9711,203931,194.22,9711,7.3
3,89.2,10,44.6,936.6,892,44.6,4.4
2,42.42,8,16968,356328,339.36,16968,5.7
1,74.51,6,22353,469413,447.06,22353,5
2,99.25,2,9925,208425,198.5,9925,9
1,81.21,10,40605,852705,812.1,40605,6.3
3,49.33,10,24665,517965,493.3,24665,9.4
1,65.74,9,29583,621243,591.66,29583,7.7
2,79.86,7,27951,586971,559.02,27951,5.5
3,73.98,7,25893,543753,517.86,25893,4.1
2,82.04,5,20.51,430.71,410.2,20.51,7.6
2,26.67,10,13335,280035,266.7,13335,8.6
1,10.13,7,35455,744555,70.91,35455,8.3
2,72.39,2,7239,152019,144.78,7239,8.1
1,85.91,5,214775,4510275,429.55,214775,8.6
2,81.31,7,284585,5976285,569.17,284585,6.3
2,60.3,4,12.06,253.26,241.2,12.06,5.8
3,31.77,4,6354,133434,127.08,6354,6.2
1,64.27,4,12854,269934,257.08,12854,7.7
2,69.51,2,6951,145971,139.02,6951,8.1
3,27.22,3,4083,85743,81.66,4083,7.3
1,77.68,4,15536,326256,310.72,15536,8.4
3,92.98,2,9298,195258,185.96,9298,8
2,18.08,4,3616,75936,72.32,3616,9.5
2,63.06,3,9459,198639,189.18,9459,7
1,51.71,4,10342,217182,206.84,10342,9.8
1,52.34,3,7851,164871,157.02,7851,9.2
1,43.06,5,10765,226065,215.3,10765,7.7
3,59.61,10,29805,625905,596.1,29805,5.3
1,14.62,5,3655,76755,73.1,3655,4.4
3,46.53,6,13959,293139,279.18,13959,4.3
3,24.24,7,8484,178164,169.68,8484,9.4
1,45.58,1,2279,47859,45.58,2279,9.8
1,75.2,3,11.28,236.88,225.6,11.28,4.8
2,96.8,3,14.52,304.92,290.4,14.52,5.3
2,14.82,3,2223,46683,44.46,2223,8.7
1,52.2,3,7.83,164.43,156.6,7.83,9.5
3,46.66,9,20997,440937,419.94,20997,5.3
3,36.85,5,92125,1934625,184.25,92125,9.2
1,70.32,2,7032,147672,140.64,7032,9.6
3,83.08,1,4154,87234,83.08,4154,6.4
3,64.99,1,32495,682395,64.99,32495,4.5
3,77.56,10,38.78,814.38,775.6,38.78,6.9
2,54.51,6,16353,343413,327.06,16353,7.8
3,51.89,7,181615,3813915,363.23,181615,4.5
2,31.75,4,6.35,133.35,127,6.35,8.6
1,53.65,7,187775,3943275,375.55,187775,5.2
3,49.79,4,9958,209118,199.16,9958,6.4
1,30.61,1,15305,321405,30.61,15305,5.2
2,57.89,2,5789,121569,115.78,5789,8.9
1,28.96,1,1448,30408,28.96,1448,6.2
3,98.97,9,445365,9352665,890.73,445365,6.7
2,93.22,3,13983,293643,279.66,13983,7.2
3,80.93,1,40465,849765,80.93,40465,9
1,67.45,10,33725,708225,674.5,33725,4.2
1,38.72,9,17424,365904,348.48,17424,4.2
2,72.6,6,21.78,457.38,435.6,21.78,6.9
3,87.91,5,219775,4615275,439.55,219775,4.4
1,98.53,6,29559,620739,591.18,29559,4
3,43.46,6,13038,273798,260.76,13038,8.5
1,71.68,3,10752,225792,215.04,10752,9.2
1,91.61,1,45805,961905,91.61,45805,9.8
2,94.59,7,331065,6952365,662.13,331065,4.9
2,83.25,10,41625,874125,832.5,41625,4.4
2,91.35,1,45675,959175,91.35,45675,6.8
2,78.88,2,7888,165648,157.76,7888,9.1
1,60.87,2,6087,127827,121.74,6087,8.7
2,82.58,10,41.29,867.09,825.8,41.29,5
1,53.3,3,7995,167895,159.9,7995,7.5
1,12.09,1,0.6045,126945,12.09,0.6045,8.2
1,64.19,10,32095,673995,641.9,32095,6.7
1,78.31,3,117465,2466765,234.93,117465,5.4
1,83.77,2,8377,175917,167.54,8377,7
2,99.7,3,14955,314055,299.1,14955,4.7
2,79.91,3,119865,2517165,239.73,119865,5
2,66.47,10,33235,697935,664.7,33235,5
1,28.95,7,101325,2127825,202.65,101325,6
3,46.2,1,2.31,48.51,46.2,2.31,6.3
2,17.63,5,44075,925575,88.15,44075,8.5
2,52.42,3,7863,165123,157.26,7863,7.5
2,98.79,3,148185,3111885,296.37,148185,6.4
3,88.55,8,35.42,743.82,708.4,35.42,4.7
2,55.67,2,5567,116907,111.34,5567,6
3,72.52,8,29008,609168,580.16,29008,4
3,12.05,5,30125,632625,60.25,30125,5.5
1,19.36,9,8712,182952,174.24,8712,8.7
3,70.21,6,21063,442323,421.26,21063,7.4
2,33.63,1,16815,353115,33.63,16815,5.6
3,15.49,2,1549,32529,30.98,1549,6.3
3,24.74,10,12.37,259.77,247.4,12.37,7.1
2,75.66,5,18915,397215,378.3,18915,7.8
2,55.81,6,16743,351603,334.86,16743,9.9
1,72.78,10,36.39,764.19,727.8,36.39,7.3
2,37.32,9,16794,352674,335.88,16794,5.1
2,60.18,4,12036,252756,240.72,12036,9.4
1,15.69,3,23535,494235,47.07,23535,5.8
3,99.69,1,49845,1046745,99.69,49845,8
1,88.15,3,132225,2776725,264.45,132225,7.9
1,27.93,5,69825,1466325,139.65,69825,5.9
1,55.45,1,27725,582225,55.45,27725,4.9
2,42.97,3,64455,1353555,128.91,64455,9.3
3,17.14,7,5999,125979,119.98,5999,7.9
2,58.75,6,17625,370125,352.5,17625,5.9
3,87.1,10,43.55,914.55,871,43.55,9.9
3,98.8,2,9.88,207.48,197.6,9.88,7.7
1,48.63,4,9726,204246,194.52,9726,7.6
2,57.74,3,8661,181881,173.22,8661,7.7
2,17.97,4,3594,75474,71.88,3594,6.4
3,47.71,6,14313,300573,286.26,14313,4.4
2,40.62,2,4062,85302,81.24,4062,4.1
1,56.04,10,28.02,588.42,560.4,28.02,4.4
2,93.4,2,9.34,196.14,186.8,9.34,5.5
2,73.41,3,110115,2312415,220.23,110115,4
3,33.64,8,13456,282576,269.12,13456,9.3
1,45.48,10,22.74,477.54,454.8,22.74,4.8
2,83.77,2,8377,175917,167.54,8377,4.6
2,64.08,7,22428,470988,448.56,22428,7.3
1,73.47,4,14694,308574,293.88,14694,6
3,58.95,10,29475,618975,589.5,29475,8.1
1,48.5,6,14.55,305.55,291,14.55,9.4
2,39.48,1,1974,41454,39.48,1974,6.5
2,34.81,1,17405,365505,34.81,17405,7
3,49.32,6,14796,310716,295.92,14796,7.1
1,21.48,2,2148,45108,42.96,2148,6.6
2,23.08,6,6924,145404,138.48,6924,4.9
2,49.1,2,4.91,103.11,98.2,4.91,6.4
2,64.83,2,6483,136143,129.66,6483,8
1,63.56,10,31.78,667.38,635.6,31.78,4.3
3,72.88,2,7288,153048,145.76,7288,6.1
1,67.1,3,10065,211365,201.3,10065,7.5
3,70.19,9,315855,6632955,631.71,315855,6.7
3,55.04,7,19264,404544,385.28,19264,5.2
1,48.63,10,24315,510615,486.3,24315,8.8
3,73.38,7,25683,539343,513.66,25683,9.5
3,52.6,9,23.67,497.07,473.4,23.67,7.6
1,87.37,5,218425,4586925,436.85,218425,6.6
1,27.04,4,5408,113568,108.16,5408,6.9
2,62.19,4,12438,261198,248.76,12438,4.3
1,69.58,9,31311,657531,626.22,31311,7.8
3,97.5,10,48.75,1023.75,975,48.75,8
3,60.41,8,24164,507444,483.28,24164,9.6
2,32.32,3,4848,101808,96.96,4848,4.3
2,19.77,10,9885,207585,197.7,9885,5
2,80.47,9,362115,7604415,724.23,362115,9.2
2,88.39,9,397755,8352855,795.51,397755,6.3
2,71.77,7,251195,5275095,502.39,251195,8.9
2,43,4,8.6,180.6,172,8.6,7.6
3,68.98,1,3449,72429,68.98,3449,4.8
3,15.62,8,6248,131208,124.96,6248,9.1
1,25.7,3,3855,80955,77.1,3855,6.1
1,80.62,6,24186,507906,483.72,24186,9.1
3,75.53,4,15106,317226,302.12,15106,8.3
3,77.63,9,349335,7336035,698.67,349335,7.2
3,13.85,9,62325,1308825,124.65,62325,6
3,98.7,8,39.48,829.08,789.6,39.48,8.5
1,35.68,5,8.92,187.32,178.4,8.92,6.6
1,71.46,7,25011,525231,500.22,25011,4.5
1,11.94,3,1791,37611,35.82,1791,8.1
1,45.38,3,6807,142947,136.14,6807,7.2
2,17.48,6,5244,110124,104.88,5244,6.1
2,25.56,7,8946,187866,178.92,8946,7.1
3,90.63,9,407835,8564535,815.67,407835,5.1
2,44.12,3,6618,138978,132.36,6618,7.9
3,36.77,7,128695,2702595,257.39,128695,7.4
2,23.34,4,4668,98028,93.36,4668,7.4
3,28.5,8,11.4,239.4,228,11.4,6.6
3,55.57,3,83355,1750455,166.71,83355,5.9
2,69.74,10,34.87,732.27,697.4,34.87,8.9
3,97.26,4,19452,408492,389.04,19452,6.8
2,52.18,7,18263,383523,365.26,18263,9.3
1,22.32,4,4464,93744,89.28,4464,4.4
1,56,3,8.4,176.4,168,8.4,4.8
1,19.7,1,0.985,20685,19.7,0.985,9.5
2,75.88,7,26558,557718,531.16,26558,8.9
2,53.72,1,2686,56406,53.72,2686,6.4
3,81.95,10,40975,860475,819.5,40975,6
3,81.2,7,28.42,596.82,568.4,28.42,8.1
3,58.76,10,29.38,616.98,587.6,29.38,9
2,91.56,8,36624,769104,732.48,36624,6
1,93.96,9,42282,887922,845.64,42282,9.8
3,55.61,7,194635,4087335,389.27,194635,8.5
3,84.83,1,42415,890715,84.83,42415,8.8
1,71.63,2,7163,150423,143.26,7163,8.8
1,37.69,2,3769,79149,75.38,3769,9.5
3,31.67,8,12668,266028,253.36,12668,5.6
3,38.42,1,1921,40341,38.42,1921,8.6
2,65.23,10,32615,684915,652.3,32615,5.2
3,10.53,5,26325,552825,52.65,26325,5.8
2,12.29,9,55305,1161405,110.61,55305,8
3,81.23,7,284305,5970405,568.61,284305,9
2,22.32,4,4464,93744,89.28,4464,4.1
1,27.28,5,6.82,143.22,136.4,6.82,8.6
1,17.42,10,8.71,182.91,174.2,8.71,7
2,73.28,5,18.32,384.72,366.4,18.32,8.4
3,84.87,3,127305,2673405,254.61,127305,7.4
1,97.29,8,38916,817236,778.32,38916,6.2
2,35.74,8,14296,300216,285.92,14296,4.9
1,96.52,6,28956,608076,579.12,28956,4.5
1,18.85,10,9425,197925,188.5,9425,5.6
1,55.39,4,11078,232638,221.56,11078,8
2,77.2,10,38.6,810.6,772,38.6,5.6
2,72.13,10,36065,757365,721.3,36065,4.2
1,63.88,8,25552,536592,511.04,25552,9.9
1,10.69,5,26725,561225,53.45,26725,7.6
1,55.5,4,11.1,233.1,222,11.1,6.6
2,95.46,8,38184,801864,763.68,38184,4.7
3,76.06,3,11409,239589,228.18,11409,9.8
2,13.69,6,4107,86247,82.14,4107,6.3
2,95.64,4,19128,401688,382.56,19128,7.9
1,11.43,6,3429,72009,68.58,3429,7.7
2,95.54,4,19108,401268,382.16,19108,4.5
3,85.87,7,300545,6311445,601.09,300545,8
3,67.99,7,237965,4997265,475.93,237965,5.7
3,52.42,1,2621,55041,52.42,2621,6.3
3,65.65,2,6565,137865,131.3,6565,6
2,28.86,5,7215,151515,144.3,7215,8
3,65.31,7,228585,4800285,457.17,228585,4.2
2,93.38,1,4669,98049,93.38,4669,9.6
3,25.25,5,63125,1325625,126.25,63125,6.1
2,87.87,9,395415,8303715,790.83,395415,5.6
3,21.8,8,8.72,183.12,174.4,8.72,8.3
1,94.76,4,18952,397992,379.04,18952,7.8
1,30.62,1,1531,32151,30.62,1531,4.1
3,44.01,8,17604,369684,352.08,17604,8.8
3,10.16,5,2.54,53.34,50.8,2.54,4.1
1,74.58,7,26103,548163,522.06,26103,9
3,71.89,8,28756,603876,575.12,28756,5.5
3,10.99,5,27475,576975,54.95,27475,9.3
3,60.47,3,90705,1904805,181.41,90705,5.6
1,58.91,7,206185,4329885,412.37,206185,9.7
1,46.41,1,23205,487305,46.41,23205,4
3,68.55,4,13.71,287.91,274.2,13.71,9.2
2,97.37,10,48685,1022385,973.7,48685,4.9
1,92.6,7,32.41,680.61,648.2,32.41,9.3
1,46.61,2,4661,97881,93.22,4661,6.6
2,27.18,2,2718,57078,54.36,2718,4.3
3,60.87,1,30435,639135,60.87,30435,5.5
1,24.49,10,12245,257145,244.9,12245,8.1
2,92.78,1,4639,97419,92.78,4639,9.8
3,86.69,5,216725,4551225,433.45,216725,9.4
2,23.01,6,6903,144963,138.06,6903,7.9
3,30.2,8,12.08,253.68,241.6,12.08,5.1
3,67.39,7,235865,4953165,471.73,235865,6.9
1,48.96,9,22032,462672,440.64,22032,8
2,75.59,9,340155,7143255,680.31,340155,8
1,77.47,4,15494,325374,309.88,15494,4.2
1,93.18,2,9318,195678,186.36,9318,8.5
1,50.23,4,10046,210966,200.92,10046,9
2,17.75,1,0.8875,186375,17.75,0.8875,8.6
3,62.18,10,31.09,652.89,621.8,31.09,6
2,10.75,8,4.3,90.3,86,4.3,6.2
1,40.26,10,20.13,422.73,402.6,20.13,5
3,64.97,5,162425,3410925,324.85,162425,6.5
1,95.15,1,47575,999075,95.15,47575,6
1,48.62,8,19448,408408,388.96,19448,5
2,53.21,8,21284,446964,425.68,21284,5
3,45.44,7,15904,333984,318.08,15904,9.2
1,33.88,8,13552,284592,271.04,13552,9.6
2,96.16,4,19232,403872,384.64,19232,8.4
2,47.16,5,11.79,247.59,235.8,11.79,6
2,52.89,4,10578,222138,211.56,10578,6.7
1,47.68,2,4768,100128,95.36,4768,4.1
3,10.17,1,0.5085,106785,10.17,0.5085,5.9
1,68.71,3,103065,2164365,206.13,103065,8.7
2,60.08,7,21028,441588,420.56,21028,4.5
1,22.01,4,4402,92442,88.04,4402,6.6
2,72.11,9,324495,6814395,648.99,324495,7.7
1,41.28,3,6192,130032,123.84,6192,8.5
3,64.95,10,32475,681975,649.5,32475,5.2
1,74.22,10,37.11,779.31,742.2,37.11,4.3
1,10.56,8,4224,88704,84.48,4224,7.6
2,62.57,4,12514,262794,250.28,12514,9.5
2,11.85,8,4.74,99.54,94.8,4.74,4.1
1,91.3,1,4565,95865,91.3,4565,9.2
2,40.73,7,142555,2993655,285.11,142555,5.4
1,52.38,1,2619,54999,52.38,2619,5.8
1,38.54,5,9635,202335,192.7,9635,5.6
2,44.63,6,13389,281169,267.78,13389,5.1
3,55.87,10,27935,586635,558.7,27935,5.8
3,29.22,6,8766,184086,175.32,8766,5
1,51.94,3,7791,163611,155.82,7791,7.9
2,60.3,1,3015,63315,60.3,3015,6
1,39.47,2,3947,82887,78.94,3947,5
3,14.87,2,1487,31227,29.74,1487,8.9
1,21.32,1,1066,22386,21.32,1066,5.9
1,93.78,3,14067,295407,281.34,14067,5.9
1,73.26,1,3663,76923,73.26,3663,9.7
3,22.38,1,1119,23499,22.38,1119,8.6
3,72.88,9,32796,688716,655.92,32796,4
1,99.1,6,29.73,624.33,594.6,29.73,4.2
1,74.1,1,3705,77805,74.1,3705,9.2
1,98.48,2,9848,206808,196.96,9848,9.2
3,53.19,7,186165,3909465,372.33,186165,5
2,52.79,10,26395,554295,527.9,26395,10
1,95.95,5,239875,5037375,479.75,239875,8.8
2,36.51,9,164295,3450195,328.59,164295,4.2
2,21.12,8,8448,177408,168.96,8448,6.3
1,28.31,4,5662,118902,113.24,5662,8.2
2,57.59,6,17277,362817,345.54,17277,5.1
1,47.63,9,214335,4501035,428.67,214335,5
3,86.27,1,43135,905835,86.27,43135,7
1,12.76,2,1276,26796,25.52,1276,7.8
2,11.28,9,5076,106596,101.52,5076,4.3
2,51.07,7,178745,3753645,357.49,178745,7
1,79.59,3,119385,2507085,238.77,119385,6.6
3,33.81,3,50715,1065015,101.43,50715,7.3
2,90.53,8,36212,760452,724.24,36212,6.5
3,62.82,2,6282,131922,125.64,6282,4.9
3,24.31,3,36465,765765,72.93,36465,4.3
1,64.59,4,12918,271278,258.36,12918,9.3
1,24.82,7,8687,182427,173.74,8687,7.1
3,56.5,1,2825,59325,56.5,2825,9.6
2,21.43,10,10715,225015,214.3,10715,6.2
1,89.06,6,26718,561078,534.36,26718,9.9
1,23.29,4,4658,97818,93.16,4658,5.9
3,65.26,8,26104,548184,522.08,26104,6.3
3,52.35,1,26175,549675,52.35,26175,4
2,39.75,1,19875,417375,39.75,19875,6.1
1,90.02,8,36008,756168,720.16,36008,4.5
2,12.1,8,4.84,101.64,96.8,4.84,8.6
2,33.21,10,16605,348705,332.1,16605,6
3,10.18,8,4072,85512,81.44,4072,9.5
2,31.99,10,15995,335895,319.9,15995,9.9
1,34.42,6,10326,216846,206.52,10326,7.5
1,83.34,2,8334,175014,166.68,8334,7.6
1,45.58,7,15953,335013,319.06,15953,5
1,87.9,1,4395,92295,87.9,4395,6.7
1,73.47,10,36735,771435,734.7,36735,9.5
3,12.19,8,4876,102396,97.52,4876,6.8
1,76.92,10,38.46,807.66,769.2,38.46,5.6
3,83.66,5,20915,439215,418.3,20915,7.2
2,57.91,8,23164,486444,463.28,23164,8.1
3,92.49,5,231225,4855725,462.45,231225,8.6
2,28.38,5,7095,148995,141.9,7095,9.4
2,50.45,6,15135,317835,302.7,15135,8.9
2,99.16,8,39664,832944,793.28,39664,4.2
3,60.74,7,21259,446439,425.18,21259,5
3,47.27,6,14181,297801,283.62,14181,8.8
3,85.6,7,29.96,629.16,599.2,29.96,5.3
1,35.04,9,15768,331128,315.36,15768,4.6
3,44.84,9,20178,423738,403.56,20178,7.5
2,45.97,4,9194,193074,183.88,9194,5.1
1,27.73,5,69325,1455825,138.65,69325,4.2
1,11.53,7,40355,847455,80.71,40355,8.1
3,58.32,2,5832,122472,116.64,5832,6
3,78.38,4,15676,329196,313.52,15676,7.9
3,84.61,10,42305,888405,846.1,42305,8.8
2,82.88,5,20.72,435.12,414.4,20.72,6.6
1,79.54,2,7954,167034,159.08,7954,6.2
2,49.01,10,24505,514605,490.1,24505,4.2
2,29.15,3,43725,918225,87.45,43725,7.3
3,56.13,4,11226,235746,224.52,11226,8.6
1,93.12,8,37248,782208,744.96,37248,6.8
1,51.34,8,20536,431256,410.72,20536,7.6
1,99.6,3,14.94,313.74,298.8,14.94,5.8
3,35.49,6,10647,223587,212.94,10647,4.1
3,42.85,1,21425,449925,42.85,21425,9.3
1,94.67,4,18934,397614,378.68,18934,6.8
2,68.97,3,103455,2172555,206.91,103455,8.7
2,26.26,3,3939,82719,78.78,3939,6.3
3,35.79,9,161055,3382155,322.11,161055,5.1
2,16.37,6,4911,103131,98.22,4911,7
3,12.73,2,1273,26733,25.46,1273,5.2
3,83.14,7,29099,611079,581.98,29099,6.6
3,35.22,6,10566,221886,211.32,10566,6.5
2,13.78,4,2756,57876,55.12,2756,9
2,88.31,1,44155,927255,88.31,44155,5.2
1,39.62,9,17829,374409,356.58,17829,6.8
2,88.25,9,397125,8339625,794.25,397125,7.6
2,25.31,2,2531,53151,50.62,2531,7.2
2,99.92,6,29976,629496,599.52,29976,7.1
3,83.35,2,8335,175035,166.7,8335,9.5
1,74.44,10,37.22,781.62,744.4,37.22,5.1
3,64.08,7,22428,470988,448.56,22428,7.6
2,63.15,6,18945,397845,378.9,18945,9.8
3,85.72,3,12858,270018,257.16,12858,5.1
3,78.89,7,276115,5798415,552.23,276115,7.5
1,89.48,5,22.37,469.77,447.4,22.37,7.4
1,92.09,3,138135,2900835,276.27,138135,4.2
3,57.29,6,17187,360927,343.74,17187,5.9
1,66.52,4,13304,279384,266.08,13304,6.9
3,99.82,9,44919,943299,898.38,44919,6.6
1,45.68,10,22.84,479.64,456.8,22.84,5.7
1,50.79,5,126975,2666475,253.95,126975,5.3
1,10.08,7,3528,74088,70.56,3528,4.2
1,93.88,7,32858,690018,657.16,32858,7.3
3,84.25,2,8425,176925,168.5,8425,5.3
2,53.78,1,2689,56469,53.78,2689,4.7
3,35.81,5,89525,1880025,179.05,89525,7.9
2,26.43,8,10572,222012,211.44,10572,8.9
2,39.91,3,59865,1257165,119.73,59865,9.3
2,21.9,3,3285,68985,65.7,3285,4.7
2,62.85,4,12.57,263.97,251.4,12.57,8.7
3,21.04,4,4208,88368,84.16,4208,7.6
2,65.91,6,19773,415233,395.46,19773,5.7
1,42.57,7,148995,3128895,297.99,148995,6.8
3,50.49,9,227205,4771305,454.41,227205,5.4
2,46.02,6,13806,289926,276.12,13806,7.1
3,15.8,10,7.9,165.9,158,7.9,7.8
1,98.66,9,44397,932337,887.94,44397,8.4
3,91.98,1,4599,96579,91.98,4599,9.8
1,20.89,2,2089,43869,41.78,2089,9.8
1,15.5,1,0.775,16275,15.5,0.775,7.4
3,96.82,3,14523,304983,290.46,14523,6.7
2,33.33,2,3333,69993,66.66,3333,6.4
2,38.27,2,3827,80367,76.54,3827,5.8
1,33.3,9,14985,314685,299.7,14985,7.2
1,81.01,3,121515,2551815,243.03,121515,9.3
1,15.8,3,2.37,49.77,47.4,2.37,9.5
2,34.49,5,86225,1810725,172.45,86225,9
2,84.63,10,42315,888615,846.3,42315,9
2,36.91,7,129185,2712885,258.37,129185,6.7
2,87.08,7,30478,640038,609.56,30478,5.5
1,80.08,3,12012,252252,240.24,12012,5.4
3,86.13,2,8613,180873,172.26,8613,8.2
2,49.92,2,4992,104832,99.84,4992,7
1,74.66,4,14932,313572,298.64,14932,8.5
2,26.6,6,7.98,167.58,159.6,7.98,4.9
2,25.45,1,12725,267225,25.45,12725,5.1
2,67.77,1,33885,711585,67.77,33885,6.5
3,59.59,4,11918,250278,238.36,11918,9.8
1,58.15,4,11.63,244.23,232.6,11.63,8.4
1,97.48,9,43866,921186,877.32,43866,7.4
3,99.96,7,34986,734706,699.72,34986,6.1
3,96.37,7,337295,7083195,674.59,337295,6
2,63.71,5,159275,3344775,318.55,159275,8.5
2,14.76,2,1476,30996,29.52,1476,4.3
2,62,8,24.8,520.8,496,24.8,6.2
3,82.34,10,41.17,864.57,823.4,41.17,4.3
2,75.37,8,30148,633108,602.96,30148,8.4
1,56.56,5,14.14,296.94,282.8,14.14,4.5
2,76.6,10,38.3,804.3,766,38.3,6
1,58.03,2,5803,121863,116.06,5803,8.8
2,17.49,10,8745,183645,174.9,8745,6.6
3,60.95,1,30475,639975,60.95,30475,5.9
3,40.35,1,20175,423675,40.35,20175,6.2
2,97.38,10,48.69,1022.49,973.8,48.69,4.4
1,31.84,1,1592,33432,31.84,1592,7.7
1,65.82,1,3291,69111,65.82,3291,4.1
1,88.34,7,30919,649299,618.38,30919,6.6
