Branch;City;Customer type;Gender;Unit price;Quantity;Tax 5%;Total;Time;Payment;cogs;gross income;Rating
1;1;2;1;74.69;7;261.415;5.489.715;13.08;3;522.83;261.415;9.1
2;2;1;1;15.28;5;3.82;80.22;10.29;1;76.4;3.82;9.6
1;1;1;2;46.33;7;162.155;3.405.255;13.23;2;324.31;162.155;7.4
1;1;2;2;58.22;8;23.288;489.048;20.33;3;465.76;23.288;8.4
1;1;1;2;86.31;7;302.085;6.343.785;10.37;3;604.17;302.085;5.3
2;2;1;2;85.39;7;298.865;6.276.165;18.30;3;597.73;298.865;4.1
1;1;2;1;68.84;6;20.652;433.692;14.36;3;413.04;20.652;5.8
2;2;1;1;73.56;10;36.78;772.38;11.38;3;735.6;36.78;8
1;1;2;1;36.26;2;3.626;76.146;17.15;2;72.52;3.626;7.2
3;3;2;1;54.84;3;8.226;172.746;13.27;2;164.52;8.226;5.9
3;3;2;1;14.48;4;2.896;60.816;18.07;3;57.92;2.896;4.5
3;3;2;2;25.51;4;5.102;107.142;17.03;1;102.04;5.102;6.8
1;1;1;1;46.95;5;117.375;2.464.875;10.25;3;234.75;117.375;7.1
1;1;1;2;43.19;10;21.595;453.495;16.48;3;431.9;21.595;8.2
1;1;1;1;71.38;10;35.69;749.49;19.21;1;713.8;35.69;5.7
3;3;2;1;93.72;6;28.116;590.436;16.19;1;562.32;28.116;4.5
1;1;2;1;68.93;7;241.255;5.066.355;11.03;2;482.51;241.255;4.6
1;1;1;2;72.61;6;21.783;457.443;10.39;2;435.66;21.783;6.9
1;1;1;2;54.67;3;82.005;1.722.105;18.00;2;164.01;82.005;8.6
3;3;1;1;40.3;2;4.03;84.63;15.30;3;80.6;4.03;4.4
2;2;2;2;86.04;5;21.51;451.71;11.24;3;430.2;21.51;4.8
3;3;1;2;87.98;3;13.197;277.137;10.40;3;263.94;13.197;5.1
3;3;1;2;33.2;2;3.32;69.72;12.20;2;66.4;3.32;4.4
1;1;1;2;34.56;5;8.64;181.44;11.15;3;172.8;8.64;9.9
1;1;2;2;88.63;3;132.945;2.791.845;17.36;3;265.89;132.945;6
1;1;2;1;52.59;8;21.036;441.756;19.20;2;420.72;21.036;8.5
3;3;1;2;33.52;1;1.676;35.196;15.31;1;33.52;1.676;6.7
1;1;1;1;87.67;2;8.767;184.107;12.17;2;175.34;8.767;7.7
3;3;1;1;88.36;5;22.09;463.89;19.48;1;441.8;22.09;9.6
1;1;1;2;24.89;9;112.005;2.352.105;15.36;1;224.01;112.005;7.4
3;3;1;2;94.13;5;235.325;4.941.825;19.39;2;470.65;235.325;4.8
3;3;2;2;78.07;9;351.315;7.377.615;12.43;1;702.63;351.315;4.5
3;3;1;2;83.78;8;33.512;703.752;14.49;1;670.24;33.512;5.1
1;1;1;2;96.58;2;9.658;202.818;10.12;2;193.16;9.658;5.1
2;2;2;1;99.42;4;19.884;417.564;10.42;3;397.68;19.884;7.5
2;2;2;1;68.12;1;3.406;71.526;12.28;3;68.12;3.406;6.8
1;1;2;2;62.62;5;15.655;328.755;19.15;3;313.1;15.655;7
1;1;1;1;60.88;9;27.396;575.316;17.17;3;547.92;27.396;4.7
2;2;1;1;54.92;8;21.968;461.328;13.24;3;439.36;21.968;7.6
3;3;2;2;30.12;8;12.048;253.008;13.01;1;240.96;12.048;7.7
3;3;2;1;86.72;1;4.336;91.056;18.45;3;86.72;4.336;7.9
2;2;2;2;56.11;2;5.611;117.831;10.11;1;112.22;5.611;6.3
3;3;2;1;69.12;6;20.736;435.456;13.03;1;414.72;20.736;5.6
2;2;2;1;98.7;8;39.48;829.08;20.39;1;789.6;39.48;7.6
2;2;2;2;15.37;2;1.537;32.277;19.47;1;30.74;1.537;7.2
3;3;2;1;93.96;4;18.792;394.632;18.00;1;375.84;18.792;9.5
3;3;2;2;56.69;9;255.105;5.357.205;17.24;2;510.21;255.105;8.4
3;3;2;1;20.01;9;90.045;1.890.945;15.47;3;180.09;90.045;4.1
3;3;2;2;18.93;6;5.679;119.259;12.45;2;113.58;5.679;8.1
2;2;2;1;82.63;10;41.315;867.615;17.08;3;826.3;41.315;7.9
2;2;2;2;91.4;7;31.99;671.79;10.19;1;639.8;31.99;9.5
1;1;2;1;44.59;5;111.475;2.340.975;15.10;1;222.95;111.475;8.5
3;3;2;1;17.87;4;3.574;75.054;14.42;3;71.48;3.574;6.5
2;2;2;2;15.43;1;0.7715;162.015;15.46;2;15.43;0.7715;6.1
3;3;1;2;16.16;2;1.616;33.936;11.49;3;32.32;1.616;6.5
2;2;1;1;85.98;8;34.392;722.232;19.01;1;687.84;34.392;8.2
1;1;2;2;44.34;2;4.434;93.114;11.26;1;88.68;4.434;5.8
1;1;1;2;89.6;8;35.84;752.64;11.28;3;716.8;35.84;6.6
1;1;2;1;72.35;10;36.175;759.675;15.55;1;723.5;36.175;5.4
2;2;1;2;30.61;6;9.183;192.843;20.36;1;183.66;9.183;9.3
2;2;2;1;24.74;3;3.711;77.931;17.47;2;74.22;3.711;10
2;2;1;2;55.73;6;16.719;351.099;10.55;3;334.38;16.719;7
3;3;2;1;55.07;9;247.815;5.204.115;13.40;3;495.63;247.815;10
1;1;2;2;15.81;10;7.905;166.005;12.27;2;158.1;7.905;8.6
3;3;2;2;75.74;4;15.148;318.108;14.35;1;302.96;15.148;7.6
1;1;2;2;15.87;10;7.935;166.635;16.40;1;158.7;7.935;5.8
2;2;1;1;33.47;2;3.347;70.287;15.43;3;66.94;3.347;6.7
3;3;2;1;97.61;6;29.283;614.943;15.01;3;585.66;29.283;9.9
1;1;1;2;78.77;10;39.385;827.085;10.04;1;787.7;39.385;6.4
1;1;2;1;18.33;1;0.9165;192.465;18.50;1;18.33;0.9165;4.3
2;2;1;2;89.48;10;44.74;939.54;12.46;2;894.8;44.74;9.6
2;2;1;2;62.12;10;31.06;652.26;16.19;1;621.2;31.06;5.9
3;3;2;1;48.52;3;7.278;152.838;18.17;3;145.56;7.278;4
2;2;1;1;75.91;6;22.773;478.233;18.21;1;455.46;22.773;8.7
1;1;1;2;74.67;9;336.015;7.056.315;10.55;3;672.03;336.015;9.4
2;2;1;1;41.65;10;20.825;437.325;17.04;2;416.5;20.825;5.4
2;2;2;2;49.04;9;22.068;463.428;14.20;2;441.36;22.068;8.6
1;1;2;1;20.01;9;90.045;1.890.945;15.48;2;180.09;90.045;5.7
2;2;2;1;78.31;10;39.155;822.255;16.24;3;783.1;39.155;6.6
2;2;1;1;20.38;5;5.095;106.995;18.56;1;101.9;5.095;6
2;2;1;1;99.19;6;29.757;624.897;14.42;2;595.14;29.757;5.5
3;3;1;1;96.68;3;14.502;304.542;19.56;3;290.04;14.502;6.4
2;2;1;2;19.25;8;7.7;161.7;18.37;3;154;7.7;6.6
2;2;2;1;80.36;4;16.072;337.512;18.45;2;321.44;16.072;8.3
2;2;2;2;48.91;5;122.275;2.567.775;10.17;1;244.55;122.275;6.6
2;2;1;1;83.06;7;29.071;610.491;14.31;3;581.42;29.071;4
2;2;1;2;76.52;5;19.13;401.73;10.23;1;382.6;19.13;9.9
1;1;2;2;49.38;7;17.283;362.943;20.35;2;345.66;17.283;7.3
1;1;1;2;42.47;1;21.235;445.935;16.57;1;42.47;21.235;5.7
3;3;1;1;76.99;6;23.097;485.037;17.55;1;461.94;23.097;6.1
2;2;2;1;47.38;4;9.476;198.996;10.25;1;189.52;9.476;7.1
2;2;1;1;44.86;10;22.43;471.03;19.54;3;448.6;22.43;8.2
1;1;2;1;21.98;7;7.693;161.553;16.42;3;153.86;7.693;5.1
3;3;2;2;64.36;9;28.962;608.202;12.09;2;579.24;28.962;8.6
2;2;1;2;89.75;1;44.875;942.375;20.05;2;89.75;44.875;6.6
1;1;1;2;97.16;1;4.858;102.018;20.38;3;97.16;4.858;7.2
3;3;1;2;87.87;10;43.935;922.635;10.25;3;878.7;43.935;5.1
2;2;1;1;12.45;6;3.735;78.435;13.11;1;74.7;3.735;4.1
1;1;1;2;52.75;3;79.125;1.661.625;10.16;3;158.25;79.125;9.3
3;3;1;2;82.7;6;24.81;521.01;18.14;1;496.2;24.81;7.4
2;2;2;2;48.71;1;24.355;511.455;19.20;1;48.71;24.355;4.1
2;2;1;2;78.55;9;353.475;7.422.975;13.22;1;706.95;353.475;7.2
2;2;1;1;23.07;9;103.815;2.180.115;11.27;1;207.63;103.815;4.9
1;1;1;2;58.26;6;17.478;367.038;16.44;1;349.56;17.478;9.9
3;3;1;2;30.35;7;106.225;2.230.725;18.19;1;212.45;106.225;8
1;1;2;2;88.67;10;44.335;931.035;14.50;3;886.7;44.335;7.3
2;2;1;2;27.38;6;8.214;172.494;20.54;2;164.28;8.214;7.9
1;1;1;2;62.13;6;18.639;391.419;20.19;1;372.78;18.639;7.4
2;2;1;1;33.98;9;15.291;321.111;10.43;1;305.82;15.291;4.2
2;2;2;2;81.97;10;40.985;860.685;14.30;1;819.7;40.985;9.2
3;3;2;1;16.49;2;1.649;34.629;11.32;3;32.98;1.649;4.6
2;2;2;1;98.21;3;147.315;3.093.615;10.41;2;294.63;147.315;7.8
3;3;1;1;72.84;7;25.494;535.374;12.44;1;509.88;25.494;8.4
1;1;2;2;58.07;9;261.315;5.487.615;20.07;3;522.63;261.315;4.3
2;2;2;1;80.79;9;363.555;7.634.655;20.31;2;727.11;363.555;9.5
2;2;1;1;27.02;3;4.053;85.113;13.01;2;81.06;4.053;7.1
3;3;2;2;21.94;5;5.485;115.185;12.29;3;109.7;5.485;5.3
3;3;2;2;51.36;1;2.568;53.928;15.26;3;51.36;2.568;5.2
1;1;1;1;10.96;10;5.48;115.08;20.48;3;109.6;5.48;6
3;3;1;2;53.44;2;5.344;112.224;20.38;3;106.88;5.344;4.1
1;1;1;1;99.56;8;39.824;836.304;17.03;2;796.48;39.824;5.2
2;2;2;2;57.12;7;19.992;419.832;12.02;2;399.84;19.992;6.5
3;3;2;2;99.96;9;44.982;944.622;17.26;2;899.64;44.982;4.2
2;2;2;2;63.91;8;25.564;536.844;19.52;2;511.28;25.564;4.6
3;3;2;1;56.47;8;22.588;474.348;14.57;3;451.76;22.588;7.3
1;1;1;1;93.69;7;327.915;6.886.215;18.44;2;655.83;327.915;4.5
1;1;1;1;32.25;5;80.625;1.693.125;13.26;1;161.25;80.625;9
2;2;1;1;31.73;9;142.785;2.998.485;16.17;2;285.57;142.785;5.9
2;2;2;1;68.54;8;27.416;575.736;15.57;3;548.32;27.416;8.5
3;3;1;1;90.28;9;40.626;853.146;11.15;3;812.52;40.626;7.2
3;3;1;1;39.62;7;13.867;291.207;13.18;1;277.34;13.867;7.5
1;1;2;1;92.13;6;27.639;580.419;20.34;1;552.78;27.639;8.3
3;3;1;1;34.84;4;6.968;146.328;18.36;1;139.36;6.968;7.4
3;3;2;2;87.45;6;26.235;550.935;14.40;2;524.7;26.235;8.8
2;2;1;1;81.3;6;24.39;512.19;16.43;3;487.8;24.39;5.3
2;2;1;2;90.22;3;13.533;284.193;19.39;1;270.66;13.533;6.2
1;1;1;1;26.31;5;65.775;1.381.275;20.59;2;131.55;65.775;8.8
1;1;2;1;34.42;6;10.326;216.846;15.39;1;206.52;10.326;9.8
3;3;1;2;51.91;10;25.955;545.055;12.21;1;519.1;25.955;8.2
1;1;1;2;72.5;8;29;609;19.25;3;580;29;9.2
2;2;2;1;89.8;10;44.9;942.9;13.00;2;898;44.9;5.4
2;2;2;2;90.5;10;45.25;950.25;13.48;1;905;45.25;8.1
2;2;2;1;68.6;10;34.3;720.3;19.57;1;686;34.3;9.1
2;2;2;1;30.41;1;15.205;319.305;10.36;2;30.41;15.205;8.4
1;1;1;1;77.95;6;23.385;491.085;16.37;3;467.7;23.385;8
2;2;1;1;46.26;6;13.878;291.438;17.11;2;277.56;13.878;9.5
1;1;2;1;30.14;10;15.07;316.47;12.28;3;301.4;15.07;9.2
2;2;1;2;66.14;4;13.228;277.788;12.46;2;264.56;13.228;5.6
3;3;2;2;71.86;8;28.744;603.624;15.07;2;574.88;28.744;6.2
1;1;1;2;32.46;8;12.984;272.664;13.48;2;259.68;12.984;4.9
3;3;2;1;91.54;4;18.308;384.468;19.20;2;366.16;18.308;4.8
2;2;2;2;34.56;7;12.096;254.016;16.07;2;241.92;12.096;7.3
1;1;1;2;83.24;9;37.458;786.618;11.56;2;749.16;37.458;7.4
2;2;1;1;16.48;6;4.944;103.824;18.23;3;98.88;4.944;9.9
2;2;1;1;80.97;8;32.388;680.148;13.05;1;647.76;32.388;9.3
1;1;2;2;92.29;5;230.725;4.845.225;15.55;2;461.45;230.725;9
3;3;2;2;72.17;1;36.085;757.785;19.40;1;72.17;36.085;6.1
3;3;1;2;50.28;5;12.57;263.97;13.58;3;251.4;12.57;9.7
3;3;2;2;97.22;9;43.749;918.729;14.43;3;874.98;43.749;6
3;3;1;2;93.39;6;28.017;588.357;19.18;3;560.34;28.017;10
2;2;1;1;43.18;8;17.272;362.712;19.39;2;345.44;17.272;8.3
1;1;1;2;63.69;1;31.845;668.745;16.21;1;63.69;31.845;6
1;1;1;2;45.79;7;160.265;3.365.565;19.44;2;320.53;160.265;7
2;2;1;2;76.4;2;7.64;160.44;19.42;3;152.8;7.64;6.5
3;3;1;2;39.9;10;19.95;418.95;15.24;2;399;19.95;5.9
3;3;2;2;42.57;8;17.028;357.588;14.12;3;340.56;17.028;5.6
2;2;1;2;95.58;10;47.79;1003.59;13.32;1;955.8;47.79;4.8
1;1;1;2;98.98;10;49.49;1039.29;16.20;2;989.8;49.49;8.7
1;1;1;2;51.28;6;15.384;323.064;16.31;1;307.68;15.384;6.5
1;1;2;2;69.52;7;24.332;510.972;15.10;2;486.64;24.332;8.5
1;1;1;2;70.01;5;175.025;3.675.525;11.36;3;350.05;175.025;5.5
3;3;2;2;80.05;5;200.125;4.202.625;12.45;2;400.25;200.125;9.4
2;2;1;2;20.85;8;8.34;175.14;19.17;1;166.8;8.34;6.3
3;3;2;2;52.89;6;15.867;333.207;17.34;2;317.34;15.867;9.8
3;3;1;2;19.79;8;7.916;166.236;12.04;3;158.32;7.916;8.7
1;1;2;2;33.84;9;15.228;319.788;16.21;3;304.56;15.228;8.8
1;1;2;2;22.17;8;8.868;186.228;17.01;2;177.36;8.868;9.6
2;2;1;1;22.51;7;78.785;1.654.485;10.50;2;157.57;78.785;4.8
1;1;1;2;73.88;6;22.164;465.444;19.16;3;443.28;22.164;4.4
2;2;2;2;86.8;3;13.02;273.42;16.47;3;260.4;13.02;9.9
2;2;1;2;64.26;7;22.491;472.311;10.00;1;449.82;22.491;5.7
2;2;2;2;38.47;8;15.388;323.148;11.51;1;307.76;15.388;7.7
1;1;2;2;15.5;10;7.75;162.75;10.55;3;155;7.75;8
2;2;1;2;34.31;8;13.724;288.204;15.00;3;274.48;13.724;5.7
1;1;1;1;12.34;7;4.319;90.699;11.19;2;86.38;4.319;6.7
3;3;2;2;18.08;3;2.712;56.952;19.46;3;54.24;2.712;8
3;3;2;1;94.49;8;37.796;793.716;19.00;3;755.92;37.796;7.5
3;3;2;2;46.47;4;9.294;195.174;10.53;1;185.88;9.294;7
1;1;1;2;74.07;1;37.035;777.735;12.50;3;74.07;37.035;9.9
2;2;1;1;69.81;4;13.962;293.202;20.50;2;279.24;13.962;5.9
3;3;1;1;77.04;3;11.556;242.676;10.39;2;231.12;11.556;7.2
3;3;1;1;73.52;2;7.352;154.392;13.41;3;147.04;7.352;4.6
2;2;1;1;87.8;9;39.51;829.71;19.08;1;790.2;39.51;9.2
3;3;1;2;25.55;4;5.11;107.31;20.23;3;102.2;5.11;5.7
1;1;1;2;32.71;5;81.775;1.717.275;11.30;2;163.55;81.775;9.9
2;2;2;1;74.29;1;37.145;780.045;19.30;1;74.29;37.145;5
2;2;2;2;43.7;2;4.37;91.77;18.03;1;87.4;4.37;4.9
1;1;1;1;25.29;1;12.645;265.545;10.13;3;25.29;12.645;6.1
2;2;1;2;41.5;4;8.3;174.3;19.58;2;166;8.3;8.2
2;2;2;1;71.39;5;178.475;3.747.975;19.57;2;356.95;178.475;5.5
2;2;2;1;19.15;6;5.745;120.645;10.01;2;114.9;5.745;6.8
3;3;2;1;57.49;4;11.498;241.458;11.57;1;229.96;11.498;6.6
2;2;1;2;61.41;7;214.935;4.513.635;10.02;1;429.87;214.935;9.8
3;3;2;2;25.9;10;12.95;271.95;14.51;3;259;12.95;8.7
3;3;2;2;17.77;5;44.425;932.925;12.42;2;88.85;44.425;5.4
1;1;1;1;23.03;9;103.635;2.176.335;12.02;3;207.27;103.635;7.9
2;2;2;1;66.65;9;299.925;6.298.425;18.19;2;599.85;299.925;9.7
2;2;2;1;28.53;10;14.265;299.565;17.38;3;285.3;14.265;7.8
3;3;1;1;30.37;3;45.555;956.655;13.41;3;91.11;45.555;5.1
3;3;1;1;99.73;9;448.785;9.424.485;19.42;2;897.57;448.785;6.5
1;1;1;2;26.23;9;118.035;2.478.735;20.24;3;236.07;118.035;5.9
2;2;1;1;93.26;9;41.967;881.307;18.08;1;839.34;41.967;8.8
3;3;1;2;92.36;5;23.09;484.89;19.17;3;461.8;23.09;4.9
3;3;1;2;46.42;3;6.963;146.223;13.24;2;139.26;6.963;4.4
3;3;2;1;29.61;7;103.635;2.176.335;15.53;1;207.27;103.635;6.5
1;1;1;2;18.28;1;0.914;19.194;15.05;2;18.28;0.914;8.3
3;3;1;1;24.77;5;61.925;1.300.425;18.27;1;123.85;61.925;8.5
1;1;2;1;94.64;3;14.196;298.116;16.55;1;283.92;14.196;5.5
3;3;1;2;94.87;8;37.948;796.908;12.58;3;758.96;37.948;8.7
3;3;1;1;57.34;3;8.601;180.621;18.59;2;172.02;8.601;7.9
3;3;1;2;45.35;6;13.605;285.705;13.44;3;272.1;13.605;6.1
3;3;1;2;62.08;7;21.728;456.288;13.46;3;434.56;21.728;5.4
2;2;1;2;11.81;5;29.525;620.025;18.06;1;59.05;29.525;9.4
2;2;2;1;12.54;1;0.627;13.167;12.38;1;12.54;0.627;8.2
1;1;1;2;43.25;2;4.325;90.825;15.56;1;86.5;4.325;6.2
2;2;2;1;87.16;2;8.716;183.036;14.29;2;174.32;8.716;9.7
3;3;2;2;69.37;9;312.165;6.555.465;19.14;3;624.33;312.165;4
2;2;2;2;37.06;4;7.412;155.652;16.24;3;148.24;7.412;9.7
3;3;2;1;90.7;6;27.21;571.41;10.52;1;544.2;27.21;5.3
1;1;1;1;63.42;8;25.368;532.728;12.55;3;507.36;25.368;7.4
3;3;1;1;81.37;2;8.137;170.877;19.28;1;162.74;8.137;6.5
3;3;2;1;10.59;3;15.885;333.585;13.52;2;31.77;15.885;8.7
3;3;1;1;84.09;9;378.405;7.946.505;10.54;1;756.81;378.405;8
3;3;2;2;73.82;4;14.764;310.044;18.31;1;295.28;14.764;6.7
1;1;2;2;51.94;10;25.97;545.37;18.24;3;519.4;25.97;6.5
1;1;1;1;93.14;2;9.314;195.594;18.09;3;186.28;9.314;4.1
2;2;1;2;17.41;5;43.525;914.025;15.16;2;87.05;43.525;4.9
2;2;2;1;44.22;5;11.055;232.155;17.07;2;221.1;11.055;8.6
3;3;2;1;13.22;5;3.305;69.405;19.26;1;66.1;3.305;4.3
1;1;1;2;89.69;1;44.845;941.745;11.20;3;89.69;44.845;4.9
1;1;1;2;24.94;9;11.223;235.683;16.49;2;224.46;11.223;5.6
1;1;1;2;59.77;2;5.977;125.517;12.01;2;119.54;5.977;5.8
2;2;2;2;93.2;2;9.32;195.72;18.37;2;186.4;9.32;6
1;1;2;2;62.65;4;12.53;263.13;11.25;1;250.6;12.53;4.2
3;3;1;2;93.87;8;37.548;788.508;18.42;2;750.96;37.548;8.3
1;1;2;2;47.59;8;19.036;399.756;14.47;1;380.72;19.036;5.7
3;3;2;1;81.4;3;12.21;256.41;19.43;1;244.2;12.21;4.8
1;1;2;2;17.94;5;4.485;94.185;14.04;3;89.7;4.485;6.8
1;1;2;2;77.72;4;15.544;326.424;16.11;2;310.88;15.544;8.8
3;3;1;2;73.06;7;25.571;536.991;19.06;2;511.42;25.571;4.2
3;3;2;2;46.55;9;209.475;4.398.975;15.34;3;418.95;209.475;6.4
2;2;2;2;35.19;10;17.595;369.495;19.06;2;351.9;17.595;8.4
2;2;1;1;14.39;2;1.439;30.219;19.44;2;28.78;1.439;7.2
1;1;1;2;23.75;4;4.75;99.75;11.22;1;95;4.75;5.2
1;1;2;2;58.9;8;23.56;494.76;11.23;1;471.2;23.56;8.9
3;3;2;2;32.62;4;6.524;137.004;14.12;1;130.48;6.524;9
1;1;2;2;66.35;1;33.175;696.675;10.46;2;66.35;33.175;9.7
1;1;2;2;25.91;6;7.773;163.233;10.16;3;155.46;7.773;8.7
1;1;2;2;32.25;4;6.45;135.45;12.38;3;129;6.45;6.5
2;2;2;2;65.94;4;13.188;276.948;13.05;2;263.76;13.188;6.9
1;1;1;1;75.06;9;33.777;709.317;13.25;3;675.54;33.777;6.2
2;2;1;1;16.45;4;3.29;69.09;14.53;3;65.8;3.29;5.6
3;3;2;1;38.3;4;7.66;160.86;19.22;1;153.2;7.66;5.7
1;1;2;1;22.24;10;11.12;233.52;11.00;1;222.4;11.12;4.2
3;3;1;2;54.45;1;27.225;571.725;19.24;3;54.45;27.225;7.9
1;1;2;1;98.4;7;34.44;723.24;12.43;2;688.8;34.44;8.7
2;2;1;2;35.47;4;7.094;148.974;17.22;2;141.88;7.094;6.9
3;3;2;1;74.6;10;37.3;783.3;20.55;1;746;37.3;9.5
1;1;2;2;70.74;4;14.148;297.108;16.05;2;282.96;14.148;4.4
1;1;2;1;35.54;10;17.77;373.17;13.34;3;355.4;17.77;7
3;3;1;1;67.43;5;168.575;3.540.075;18.13;3;337.15;168.575;6.3
2;2;2;1;21.12;2;2.112;44.352;19.17;1;42.24;2.112;9.7
1;1;2;1;21.54;9;9.693;203.553;11.44;2;193.86;9.693;8.8
1;1;1;1;12.03;2;1.203;25.263;15.51;1;24.06;1.203;5.1
3;3;1;1;99.71;6;29.913;628.173;16.52;3;598.26;29.913;7.9
3;3;1;2;47.97;7;167.895;3.525.795;20.52;1;335.79;167.895;6.2
2;2;2;1;21.82;10;10.91;229.11;17.36;1;218.2;10.91;7.1
2;2;1;1;95.42;4;19.084;400.764;13.23;3;381.68;19.084;6.4
2;2;2;2;70.99;10;35.495;745.395;16.28;1;709.9;35.495;5.7
1;1;2;2;44.02;10;22.01;462.21;19.57;2;440.2;22.01;9.6
1;1;1;1;69.96;8;27.984;587.664;17.01;2;559.68;27.984;6.4
2;2;1;2;37;1;1.85;38.85;13.29;2;37;1.85;7.9
1;1;1;1;15.34;1;0.767;16.107;11.09;1;15.34;0.767;6.5
1;1;2;2;99.83;6;29.949;628.929;15.02;3;598.98;29.949;8.5
1;1;2;1;47.67;4;9.534;200.214;14.21;1;190.68;9.534;9.1
3;3;1;2;66.68;5;16.67;350.07;18.01;1;333.4;16.67;7.6
2;2;2;2;74.86;1;3.743;78.603;14.49;1;74.86;3.743;6.9
2;2;1;1;23.75;9;106.875;2.244.375;12.02;1;213.75;106.875;9.5
3;3;1;1;48.51;7;169.785;3.565.485;13.30;2;339.57;169.785;5.2
1;1;2;1;94.88;7;33.208;697.368;14.38;1;664.16;33.208;4.2
3;3;2;2;40.3;10;20.15;423.15;17.37;2;403;20.15;7
2;2;1;2;27.85;7;97.475;2.046.975;17.20;3;194.95;97.475;6
1;1;2;1;62.48;1;3.124;65.604;20.29;1;62.48;3.124;4.7
1;1;2;1;36.36;2;3.636;76.356;10.00;1;72.72;3.636;7.1
3;3;1;2;18.11;10;9.055;190.155;11.46;3;181.1;9.055;5.9
2;2;2;1;51.92;5;12.98;272.58;13.42;1;259.6;12.98;7.5
2;2;1;2;28.84;4;5.768;121.128;14.44;1;115.36;5.768;6.4
1;1;2;2;78.38;6;23.514;493.794;14.16;3;470.28;23.514;5.8
1;1;2;2;60.01;4;12.002;252.042;15.54;1;240.04;12.002;4.5
2;2;2;1;88.61;1;44.305;930.405;10.21;1;88.61;44.305;7.7
2;2;1;2;99.82;2;9.982;209.622;18.09;2;199.64;9.982;6.7
3;3;2;2;39.01;1;19.505;409.605;16.46;2;39.01;19.505;4.7
2;2;1;2;48.61;1;24.305;510.405;15.31;1;48.61;24.305;4.4
1;1;1;1;51.19;4;10.238;214.998;17.15;2;204.76;10.238;4.7
3;3;1;1;14.96;8;5.984;125.664;12.29;1;119.68;5.984;8.6
1;1;2;2;72.2;7;25.27;530.67;20.14;3;505.4;25.27;4.3
1;1;1;1;40.23;7;140.805;2.956.905;13.22;1;281.61;140.805;9.6
1;1;2;1;88.79;8;35.516;745.836;17.09;1;710.32;35.516;4.1
1;1;2;1;26.48;3;3.972;83.412;10.40;3;79.44;3.972;4.7
1;1;1;1;81.91;2;8.191;172.011;17.43;1;163.82;8.191;7.8
3;3;2;2;79.93;6;23.979;503.559;14.04;1;479.58;23.979;5.5
2;2;2;2;69.33;2;6.933;145.593;19.05;3;138.66;6.933;9.7
1;1;2;1;14.23;5;35.575;747.075;10.08;2;71.15;35.575;4.4
1;1;2;1;15.55;9;69.975;1.469.475;13.12;1;139.95;69.975;5
2;2;2;1;78.13;10;39.065;820.365;20.51;1;781.3;39.065;4.4
2;2;2;2;99.37;2;9.937;208.677;17.29;1;198.74;9.937;5.2
2;2;2;1;21.08;3;3.162;66.402;10.25;1;63.24;3.162;7.3
2;2;2;2;74.79;5;186.975;3.926.475;11.34;1;373.95;186.975;4.9
2;2;2;1;29.67;7;103.845;2.180.745;18.58;2;207.69;103.845;8.1
2;2;2;2;44.07;4;8.814;185.094;16.28;3;176.28;8.814;8.4
2;2;1;1;22.93;9;103.185;2.166.885;20.26;1;206.37;103.185;5.5
2;2;1;1;39.42;1;1.971;41.391;15.08;1;39.42;1.971;8.4
1;1;1;2;15.26;6;4.578;96.138;18.03;3;91.56;4.578;9.8
1;1;1;1;61.77;5;154.425;3.242.925;13.21;1;308.85;154.425;6.7
1;1;1;2;21.52;6;6.456;135.576;12.48;2;129.12;6.456;9.4
3;3;1;2;97.74;4;19.548;410.508;19.53;3;390.96;19.548;6.4
1;1;2;2;99.78;5;24.945;523.845;19.09;1;498.9;24.945;5.4
2;2;2;2;94.26;4;18.852;395.892;16.30;1;377.04;18.852;8.6
3;3;2;2;51.13;4;10.226;214.746;10.11;2;204.52;10.226;4
1;1;2;2;36.36;4;7.272;152.712;13.07;1;145.44;7.272;7.6
3;3;1;2;22.02;9;9.909;208.089;18.48;1;198.18;9.909;6.8
1;1;1;2;32.9;3;4.935;103.635;17.27;2;98.7;4.935;9.1
1;1;1;2;77.02;5;19.255;404.355;15.59;1;385.1;19.255;5.5
1;1;2;2;23.48;2;2.348;49.308;11.21;2;46.96;2.348;7.9
2;2;2;2;14.7;5;3.675;77.175;13.48;3;73.5;3.675;8.5
1;1;2;1;28.45;5;71.125;1.493.625;10.17;2;142.25;71.125;9.1
1;1;1;2;76.4;9;34.38;721.98;15.49;3;687.6;34.38;7.5
3;3;1;1;57.95;6;17.385;365.085;13.02;1;347.7;17.385;5.2
2;2;1;1;47.65;3;71.475;1.500.975;12.58;2;142.95;71.475;9.5
3;3;2;1;42.82;9;19.269;404.649;15.26;2;385.38;19.269;8.9
3;3;2;2;48.09;3;72.135;1.514.835;18.23;2;144.27;72.135;7.8
3;3;2;1;55.97;7;195.895;4.113.795;19.06;3;391.79;195.895;8.9
3;3;2;1;76.9;7;26.915;565.215;20.21;1;538.3;26.915;7.7
2;2;1;1;97.03;5;242.575;5.094.075;16.24;3;485.15;242.575;9.3
1;1;1;2;44.65;3;66.975;1.406.475;15.04;1;133.95;66.975;6.2
1;1;1;1;77.93;9;350.685;7.364.385;16.10;3;701.37;350.685;7.6
1;1;2;2;71.95;1;35.975;755.475;12.14;1;71.95;35.975;7.3
2;2;2;1;89.25;8;35.7;749.7;10.13;1;714;35.7;4.7
1;1;1;2;26.02;7;9.107;191.247;17.38;1;182.14;9.107;5.1
3;3;1;1;13.5;10;6.75;141.75;11.06;2;135;6.75;4.8
2;2;2;1;99.3;10;49.65;1042.65;14.53;2;993;49.65;6.6
1;1;1;2;51.69;7;180.915;3.799.215;18.22;1;361.83;180.915;5.5
3;3;2;1;54.73;7;191.555;4.022.655;19.02;2;383.11;191.555;8.5
3;3;2;2;27;9;12.15;255.15;14.16;1;243;12.15;4.8
2;2;1;1;30.24;1;1.512;31.752;15.44;1;30.24;1.512;8.4
3;3;2;1;89.14;4;17.828;374.388;12.20;2;356.56;17.828;7.8
2;2;1;1;37.55;10;18.775;394.275;20.01;2;375.5;18.775;9.3
2;2;1;1;95.44;10;47.72;1002.12;13.45;1;954.4;47.72;5.2
3;3;1;2;27.5;3;4.125;86.625;15.40;3;82.5;4.125;6.5
3;3;1;2;74.97;1;37.485;787.185;16.58;1;74.97;37.485;5.6
1;1;2;2;80.96;8;32.384;680.064;11.12;2;647.68;32.384;7.4
2;2;1;1;94.47;8;37.788;793.548;15.12;1;755.76;37.788;9.1
2;2;1;2;99.79;2;9.979;209.559;20.37;3;199.58;9.979;8
1;1;1;2;73.22;6;21.966;461.286;17.44;1;439.32;21.966;7.2
2;2;1;1;41.24;4;8.248;173.208;16.23;1;164.96;8.248;7.1
2;2;1;1;81.68;4;16.336;343.056;12.12;1;326.72;16.336;9.1
2;2;1;1;51.32;9;23.094;484.974;19.33;1;461.88;23.094;5.6
1;1;2;2;65.94;4;13.188;276.948;10.29;1;263.76;13.188;6
2;2;1;1;14.36;10;7.18;150.78;14.28;1;143.6;7.18;5.4
1;1;2;2;21.5;9;9.675;203.175;12.46;2;193.5;9.675;7.8
3;3;2;1;26.26;7;9.191;193.011;19.40;1;183.82;9.191;9.9
3;3;1;1;60.96;2;6.096;128.016;19.39;2;121.92;6.096;4.9
2;2;1;1;70.11;6;21.033;441.693;17.54;3;420.66;21.033;5.2
2;2;1;2;42.08;6;12.624;265.104;12.25;1;252.48;12.624;8.9
1;1;1;1;67.09;5;167.725;3.522.225;16.47;2;335.45;167.725;9.1
1;1;2;1;96.7;5;24.175;507.675;12.52;3;483.5;24.175;7
3;3;2;1;35.38;9;15.921;334.341;19.50;2;318.42;15.921;9.6
2;2;1;2;95.49;7;334.215;7.018.515;18.17;3;668.43;334.215;8.7
2;2;2;2;96.98;4;19.396;407.316;17.20;3;387.92;19.396;9.4
3;3;1;1;23.65;4;4.73;99.33;13.32;2;94.6;4.73;4
1;1;2;2;82.33;4;16.466;345.786;10.37;2;329.32;16.466;7.5
2;2;1;1;26.61;2;2.661;55.881;14.35;1;53.22;2.661;4.2
3;3;1;1;99.69;5;249.225;5.233.725;12.09;1;498.45;249.225;9.9
2;2;2;1;74.89;4;14.978;314.538;15.32;3;299.56;14.978;4.2
1;1;1;1;40.94;5;10.235;214.935;13.58;3;204.7;10.235;9.9
3;3;2;2;75.82;1;3.791;79.611;13.19;1;75.82;3.791;5.8
2;2;1;2;46.77;6;14.031;294.651;13.37;1;280.62;14.031;6
1;1;1;1;32.32;10;16.16;339.36;16.49;2;323.2;16.16;10
2;2;2;1;54.07;9;243.315;5.109.615;14.55;3;486.63;243.315;9.5
3;3;1;2;18.22;7;6.377;133.917;14.04;2;127.54;6.377;6.6
2;2;2;1;80.48;3;12.072;253.512;12.31;1;241.44;12.072;8.1
3;3;1;1;37.95;10;18.975;398.475;14.51;1;379.5;18.975;9.7
1;1;2;2;76.82;1;3.841;80.661;18.27;3;76.82;3.841;7.2
1;1;2;1;52.26;10;26.13;548.73;12.45;2;522.6;26.13;6.2
1;1;1;1;79.74;1;3.987;83.727;10.36;3;79.74;3.987;7.3
1;1;1;1;77.5;5;19.375;406.875;20.36;3;387.5;19.375;4.3
1;1;1;1;54.27;5;135.675;2.849.175;14.16;3;271.35;135.675;4.6
3;3;1;2;13.59;9;61.155;1.284.255;10.26;1;122.31;61.155;5.8
3;3;2;1;41.06;6;12.318;258.678;13.30;2;246.36;12.318;8.3
3;3;2;2;19.24;9;8.658;181.818;16.28;1;173.16;8.658;8
2;2;1;1;39.43;6;11.829;248.409;20.18;2;236.58;11.829;9.4
2;2;1;2;46.22;4;9.244;194.124;20.04;2;184.88;9.244;6.2
2;2;2;2;13.98;1;0.699;14.679;13.38;3;13.98;0.699;9.8
3;3;1;1;39.75;5;99.375;2.086.875;10.43;3;198.75;99.375;9.6
2;2;2;1;97.79;7;342.265;7.187.565;17.30;3;684.53;342.265;4.9
1;1;2;2;67.26;4;13.452;282.492;15.28;2;269.04;13.452;8
1;1;1;2;13.79;5;34.475;723.975;19.07;2;68.95;34.475;7.8
3;3;2;1;68.71;4;13.742;288.582;19.01;1;274.84;13.742;4.1
1;1;1;1;56.53;4;11.306;237.426;19.48;3;226.12;11.306;5.5
2;2;1;1;23.82;5;5.955;125.055;19.24;3;119.1;5.955;5.4
3;3;1;1;34.21;10;17.105;359.205;13.00;1;342.1;17.105;5.1
3;3;1;2;21.87;2;2.187;45.927;14.29;3;43.74;2.187;6.9
1;1;2;2;20.97;5;52.425;1.100.925;13.21;1;104.85;52.425;7.8
1;1;1;2;25.84;3;3.876;81.396;18.55;3;77.52;3.876;6.6
1;1;1;2;50.93;8;20.372;427.812;19.36;3;407.44;20.372;9.2
3;3;1;2;96.11;1;48.055;1.009.155;16.28;3;96.11;48.055;7.8
2;2;1;1;45.38;4;9.076;190.596;13.48;2;181.52;9.076;8.7
2;2;2;1;81.51;1;40.755;855.855;10.57;3;81.51;40.755;9.2
3;3;1;1;57.22;2;5.722;120.162;17.13;3;114.44;5.722;8.3
1;1;2;1;25.22;7;8.827;185.367;10.23;1;176.54;8.827;8.2
2;2;2;1;38.6;3;5.79;121.59;13.57;3;115.8;5.79;7.5
2;2;1;1;84.05;3;126.075;2.647.575;13.29;1;252.15;126.075;9.8
2;2;2;1;97.21;10;48.605;1.020.705;13.00;2;972.1;48.605;8.7
3;3;2;2;25.42;8;10.168;213.528;19.42;2;203.36;10.168;6.7
2;2;1;2;16.28;1;0.814;17.094;15.36;1;16.28;0.814;5
3;3;2;2;40.61;9;182.745;3.837.645;13.40;1;365.49;182.745;7
1;1;2;2;53.17;7;186.095;3.907.995;18.01;1;372.19;186.095;8.9
3;3;2;1;20.87;3;31.305;657.405;13.53;2;62.61;31.305;8
3;3;1;2;67.27;5;168.175;3.531.675;17.27;1;336.35;168.175;6.9
1;1;2;1;90.65;10;45.325;951.825;10.53;3;906.5;45.325;7.3
3;3;1;2;69.08;2;6.908;145.068;19.48;2;138.16;6.908;6.9
2;2;1;2;43.27;2;4.327;90.867;16.53;3;86.54;4.327;5.7
1;1;1;1;23.46;6;7.038;147.798;19.14;3;140.76;7.038;6.4
3;3;1;2;95.54;7;33.439;702.219;14.36;2;668.78;33.439;9.6
3;3;1;1;47.44;1;2.372;49.812;18.19;2;47.44;2.372;6.8
2;2;1;2;99.24;9;44.658;937.818;19.09;3;893.16;44.658;9
2;2;2;2;82.93;4;16.586;348.306;16.51;3;331.72;16.586;9.6
1;1;1;2;33.99;6;10.197;214.137;15.37;2;203.94;10.197;7.7
2;2;2;2;17.04;4;3.408;71.568;20.15;3;68.16;3.408;7
2;2;1;1;40.86;8;16.344;343.224;14.38;2;326.88;16.344;6.5
2;2;2;2;17.44;5;4.36;91.56;19.25;1;87.2;4.36;8.1
3;3;2;1;88.43;8;35.372;742.812;19.35;2;707.44;35.372;4.3
1;1;2;1;89.21;9;401.445;8.430.345;15.42;2;802.89;401.445;6.5
2;2;1;2;12.78;1;0.639;13.419;14.11;3;12.78;0.639;9.5
1;1;1;1;19.1;7;6.685;140.385;10.43;1;133.7;6.685;9.7
3;3;2;1;19.15;1;0.9575;201.075;17.58;2;19.15;0.9575;9.5
2;2;2;2;27.66;10;13.83;290.43;11.26;2;276.6;13.83;8.9
2;2;1;2;45.74;3;6.861;144.081;17.38;2;137.22;6.861;6.5
3;3;2;1;27.07;1;13.535;284.235;20.07;2;27.07;13.535;5.3
3;3;2;1;39.12;1;1.956;41.076;11.02;2;39.12;1.956;9.6
3;3;1;1;74.71;6;22.413;470.673;19.07;1;448.26;22.413;6.7
3;3;1;2;22.01;6;6.603;138.663;18.50;1;132.06;6.603;7.6
1;1;1;1;63.61;5;159.025;3.339.525;12.43;3;318.05;159.025;4.8
1;1;1;2;25;1;1.25;26.25;15.09;3;25;1.25;5.5
1;1;2;2;20.77;4;4.154;87.234;13.47;1;83.08;4.154;4.7
3;3;2;1;29.56;5;7.39;155.19;16.59;1;147.8;7.39;6.9
3;3;2;1;77.4;9;34.83;731.43;14.15;2;696.6;34.83;4.5
3;3;1;2;79.39;10;39.695;833.595;20.24;1;793.9;39.695;6.2
2;2;2;1;46.57;10;23.285;488.985;13.58;1;465.7;23.285;7.6
2;2;1;2;35.89;1;17.945;376.845;16.52;2;35.89;17.945;7.9
2;2;1;2;40.52;5;10.13;212.73;15.19;1;202.6;10.13;4.5
3;3;2;1;73.05;10;36.525;767.025;12.25;2;730.5;36.525;8.7
2;2;1;1;73.95;4;14.79;310.59;10.02;1;295.8;14.79;6.1
2;2;2;1;22.62;1;1.131;23.751;18.58;1;22.62;1.131;6.4
1;1;2;2;51.34;5;12.835;269.535;15.31;2;256.7;12.835;9.1
2;2;2;1;54.55;10;27.275;572.775;11.22;2;545.5;27.275;7.1
2;2;2;1;37.15;7;130.025;2.730.525;13.12;2;260.05;130.025;7.7
3;3;1;2;37.02;6;11.106;233.226;18.33;1;222.12;11.106;4.5
2;2;1;2;21.58;1;1.079;22.659;10.02;3;21.58;1.079;7.2
2;2;2;1;98.84;1;4.942;103.782;11.21;1;98.84;4.942;8.4
2;2;2;1;83.77;6;25.131;527.751;12.10;3;502.62;25.131;5.4
1;1;2;1;40.05;4;8.01;168.21;11.40;1;160.2;8.01;9.7
1;1;2;2;43.13;10;21.565;452.865;18.31;2;431.3;21.565;5.5
3;3;2;2;72.57;8;29.028;609.588;17.58;1;580.56;29.028;4.6
1;1;2;1;64.44;5;16.11;338.31;17.04;1;322.2;16.11;6.6
1;1;1;2;65.18;3;9.777;205.317;20.35;2;195.54;9.777;6.3
1;1;1;1;33.26;5;8.315;174.615;16.10;2;166.3;8.315;4.2
2;2;1;2;84.07;4;16.814;353.094;16.54;3;336.28;16.814;4.4
3;3;1;2;34.37;10;17.185;360.885;10.11;3;343.7;17.185;6.7
1;1;1;2;38.6;1;1.93;40.53;11.26;3;38.6;1.93;6.7
2;2;1;2;65.97;8;26.388;554.148;20.29;1;527.76;26.388;8.4
2;2;1;1;32.8;10;16.4;344.4;12.12;1;328;16.4;6.2
1;1;1;2;37.14;5;9.285;194.985;13.05;3;185.7;9.285;5
3;3;2;2;60.38;10;30.19;633.99;16.19;1;603.8;30.19;6
2;2;2;1;36.98;10;18.49;388.29;19.48;2;369.8;18.49;7
3;3;2;1;49.49;4;9.898;207.858;15.25;3;197.96;9.898;6.6
3;3;1;1;41.09;10;20.545;431.445;14.42;1;410.9;20.545;7.3
1;1;1;2;37.15;4;7.43;156.03;18.59;3;148.6;7.43;8.3
2;2;1;2;22.96;1;1.148;24.108;20.47;1;22.96;1.148;4.3
3;3;2;1;77.68;9;34.956;734.076;13.21;3;699.12;34.956;9.8
3;3;1;1;34.7;2;3.47;72.87;19.48;3;69.4;3.47;8.2
1;1;2;1;19.66;10;9.83;206.43;18.20;2;196.6;9.83;7.2
3;3;2;1;25.32;8;10.128;212.688;20.24;3;202.56;10.128;8.7
2;2;2;1;12.12;10;6.06;127.26;13.44;2;121.2;6.06;8.4
3;3;1;2;99.89;2;9.989;209.769;11.48;3;199.78;9.989;7.1
3;3;1;2;75.92;8;30.368;637.728;14.14;1;607.36;30.368;5.5
2;2;1;1;63.22;2;6.322;132.762;15.51;1;126.44;6.322;8.5
2;2;1;1;90.24;6;27.072;568.512;11.17;1;541.44;27.072;6.2
3;3;2;1;98.13;1;49.065;1.030.365;17.36;1;98.13;49.065;8.9
1;1;2;1;51.52;8;20.608;432.768;15.47;1;412.16;20.608;9.6
3;3;2;2;73.97;1;36.985;776.685;15.53;2;73.97;36.985;5.4
2;2;2;1;31.9;1;1.595;33.495;12.40;3;31.9;1.595;9.1
2;2;1;2;69.4;2;6.94;145.74;19.48;3;138.8;6.94;9
3;3;1;1;93.31;2;9.331;195.951;17.53;1;186.62;9.331;6.3
3;3;1;2;88.45;1;44.225;928.725;16.36;2;88.45;44.225;9.5
1;1;2;2;24.18;8;9.672;203.112;20.54;3;193.44;9.672;9.8
3;3;2;1;48.5;3;7.275;152.775;12.50;1;145.5;7.275;6.7
3;3;1;1;84.05;6;25.215;529.515;10.48;2;504.3;25.215;7.7
3;3;2;2;61.29;5;153.225;3.217.725;14.28;1;306.45;153.225;7
2;2;2;1;15.95;6;4.785;100.485;17.15;2;95.7;4.785;5.1
3;3;2;1;90.74;7;31.759;666.939;18.03;2;635.18;31.759;6.2
1;1;1;1;42.91;5;107.275;2.252.775;17.29;3;214.55;107.275;6.1
1;1;1;1;54.28;7;18.998;398.958;18.05;3;379.96;18.998;9.3
1;1;1;2;99.55;7;348.425;7.316.925;12.07;1;696.85;348.425;7.6
2;2;2;2;58.39;7;204.365;4.291.665;19.49;2;408.73;204.365;8.2
2;2;2;1;51.47;1;25.735;540.435;15.52;3;51.47;25.735;8.5
3;3;2;2;54.86;5;13.715;288.015;16.48;3;274.3;13.715;9.8
2;2;2;2;39.39;5;98.475;2.067.975;20.46;2;196.95;98.475;8.7
1;1;1;2;34.73;2;3.473;72.933;18.14;3;69.46;3.473;9.7
2;2;2;2;71.92;5;17.98;377.58;15.05;2;359.6;17.98;4.3
3;3;1;1;45.71;3;68.565;1.439.865;10.34;2;137.13;68.565;7.7
2;2;2;1;83.17;6;24.951;523.971;11.23;1;499.02;24.951;7.3
1;1;2;1;37.44;6;11.232;235.872;13.55;2;224.64;11.232;5.9
2;2;1;2;62.87;2;6.287;132.027;11.43;1;125.74;6.287;5
1;1;1;2;81.71;6;24.513;514.773;14.36;2;490.26;24.513;8
1;1;2;1;91.41;5;228.525;4.799.025;16.03;3;457.05;228.525;7.1
3;3;1;2;39.21;4;7.842;164.682;20.03;2;156.84;7.842;9
3;3;2;2;59.86;2;5.986;125.706;14.55;3;119.72;5.986;6.7
3;3;2;1;54.36;10;27.18;570.78;11.28;2;543.6;27.18;6.1
1;1;1;2;98.09;9;441.405;9.269.505;19.41;1;882.81;441.405;9.3
1;1;1;2;25.43;6;7.629;160.209;19.01;3;152.58;7.629;7
1;1;2;2;86.68;8;34.672;728.112;18.04;2;693.44;34.672;7.2
3;3;1;2;22.95;10;11.475;240.975;19.20;3;229.5;11.475;8.2
2;2;1;1;16.31;9;73.395;1.541.295;10.31;3;146.79;73.395;8.4
1;1;1;1;28.32;5;7.08;148.68;13.28;3;141.6;7.08;6.2
2;2;1;2;16.67;7;58.345;1.225.245;11.36;3;116.69;58.345;7.4
3;3;2;1;73.96;1;3.698;77.658;11.32;2;73.96;3.698;5
1;1;1;2;97.94;1;4.897;102.837;11.44;3;97.94;4.897;6.9
1;1;1;1;73.05;4;14.61;306.81;17.16;2;292.2;14.61;4.9
2;2;2;1;87.48;6;26.244;551.124;18.43;3;524.88;26.244;5.1
1;1;1;2;30.68;3;4.602;96.642;11.00;3;92.04;4.602;9.1
2;2;2;2;75.88;1;3.794;79.674;10.30;2;75.88;3.794;7.1
3;3;2;1;20.18;4;4.036;84.756;12.14;2;80.72;4.036;5
2;2;2;2;18.77;6;5.631;118.251;16.43;2;112.62;5.631;5.5
3;3;1;1;71.2;1;3.56;74.76;20.40;2;71.2;3.56;9.2
3;3;2;2;38.81;4;7.762;163.002;13.40;3;155.24;7.762;4.9
1;1;1;1;29.42;10;14.71;308.91;16.23;3;294.2;14.71;8.9
1;1;1;2;60.95;9;274.275;5.759.775;12.08;2;548.55;274.275;6
3;3;1;1;51.54;5;12.885;270.585;17.45;1;257.7;12.885;4.2
1;1;1;1;66.06;6;19.818;416.178;10.28;1;396.36;19.818;7.3
3;3;1;2;57.27;3;85.905;1.804.005;20.31;3;171.81;85.905;6.5
3;3;1;1;54.31;9;244.395;5.132.295;10.49;1;488.79;244.395;8.9
3;3;1;1;58.24;9;26.208;550.368;12.34;1;524.16;26.208;9.7
2;2;1;2;22.21;6;6.663;139.923;10.23;2;133.26;6.663;8.6
1;1;2;2;19.32;7;6.762;142.002;18.51;1;135.24;6.762;6.9
3;3;1;2;37.48;3;5.622;118.062;13.45;2;112.44;5.622;7.7
3;3;2;1;72.04;2;7.204;151.284;19.38;1;144.08;7.204;9.5
2;2;2;1;98.52;10;49.26;1034.46;20.23;3;985.2;49.26;4.5
1;1;2;2;41.66;6;12.498;262.458;15.24;3;249.96;12.498;5.6
1;1;2;1;72.42;3;10.863;228.123;16.54;3;217.26;10.863;8.2
3;3;1;2;21.58;9;9.711;203.931;12.32;1;194.22;9.711;7.3
2;2;1;2;89.2;10;44.6;936.6;15.42;2;892;44.6;4.4
3;3;1;1;42.42;8;16.968;356.328;13.58;3;339.36;16.968;5.7
1;1;2;2;74.51;6;22.353;469.413;15.08;3;447.06;22.353;5
3;3;1;2;99.25;2;9.925;208.425;13.02;1;198.5;9.925;9
1;1;1;1;81.21;10;40.605;852.705;13.01;2;812.1;40.605;6.3
2;2;1;1;49.33;10;24.665;517.965;16.40;2;493.3;24.665;9.4
1;1;1;1;65.74;9;29.583;621.243;13.55;1;591.66;29.583;7.7
3;3;1;1;79.86;7;27.951;586.971;10.33;2;559.02;27.951;5.5
2;2;1;1;73.98;7;25.893;543.753;16.42;3;517.86;25.893;4.1
3;3;2;1;82.04;5;20.51;430.71;17.16;2;410.2;20.51;7.6
3;3;2;2;26.67;10;13.335;280.035;11.48;1;266.7;13.335;8.6
1;1;2;2;10.13;7;35.455;744.555;19.35;3;70.91;35.455;8.3
3;3;1;2;72.39;2;7.239;152.019;19.55;2;144.78;7.239;8.1
1;1;1;2;85.91;5;214.775;4.510.275;14.33;2;429.55;214.775;8.6
3;3;2;2;81.31;7;284.585;5.976.285;19.49;3;569.17;284.585;6.3
3;3;1;2;60.3;4;12.06;253.26;18.43;1;241.2;12.06;5.8
2;2;1;2;31.77;4;6.354;133.434;14.43;3;127.08;6.354;6.2
1;1;1;1;64.27;4;12.854;269.934;13.54;1;257.08;12.854;7.7
3;3;1;2;69.51;2;6.951;145.971;12.15;3;139.02;6.951;8.1
2;2;1;2;27.22;3;4.083;85.743;12.37;1;81.66;4.083;7.3
1;1;2;1;77.68;4;15.536;326.256;19.54;1;310.72;15.536;8.4
2;2;2;1;92.98;2;9.298;195.258;15.06;2;185.96;9.298;8
3;3;2;1;18.08;4;3.616;75.936;18.03;2;72.32;3.616;9.5
3;3;1;2;63.06;3;9.459;198.639;15.58;3;189.18;9.459;7
1;1;1;2;51.71;4;10.342;217.182;13.53;2;206.84;10.342;9.8
1;1;1;1;52.34;3;7.851;164.871;14.03;1;157.02;7.851;9.2
1;1;1;1;43.06;5;10.765;226.065;16.38;3;215.3;10.765;7.7
2;2;1;2;59.61;10;29.805;625.905;11.07;1;596.1;29.805;5.3
1;1;1;2;14.62;5;3.655;76.755;12.23;1;73.1;3.655;4.4
2;2;2;2;46.53;6;13.959;293.139;10.54;2;279.18;13.959;4.3
2;2;2;1;24.24;7;8.484;178.164;17.38;3;169.68;8.484;9.4
1;1;2;1;45.58;1;2.279;47.859;14.13;1;45.58;2.279;9.8
1;1;2;1;75.2;3;11.28;236.88;11.51;3;225.6;11.28;4.8
3;3;2;2;96.8;3;14.52;304.92;13.05;1;290.4;14.52;5.3
3;3;1;2;14.82;3;2.223;46.683;11.30;2;44.46;2.223;8.7
1;1;1;2;52.2;3;7.83;164.43;13.30;2;156.6;7.83;9.5
2;2;1;1;46.66;9;20.997;440.937;19.11;3;419.94;20.997;5.3
2;2;1;1;36.85;5;92.125;1.934.625;18.53;1;184.25;92.125;9.2
1;1;2;1;70.32;2;7.032;147.672;14.22;3;140.64;7.032;9.6
2;2;1;2;83.08;1;4.154;87.234;17.16;3;83.08;4.154;6.4
2;2;1;1;64.99;1;32.495;682.395;10.06;2;64.99;32.495;4.5
2;2;1;2;77.56;10;38.78;814.38;20.35;3;775.6;38.78;6.9
3;3;1;1;54.51;6;16.353;343.413;13.54;3;327.06;16.353;7.8
2;2;2;1;51.89;7;181.615;3.813.915;20.08;1;363.23;181.615;4.5
3;3;1;2;31.75;4;6.35;133.35;15.26;1;127;6.35;8.6
1;1;2;1;53.65;7;187.775;3.943.275;12.56;3;375.55;187.775;5.2
2;2;2;1;49.79;4;9.958;209.118;19.16;2;199.16;9.958;6.4
1;1;1;2;30.61;1;15.305;321.405;12.20;3;30.61;15.305;5.2
3;3;2;2;57.89;2;5.789;121.569;10.37;3;115.78;5.789;8.9
1;1;1;1;28.96;1;1.448;30.408;10.18;2;28.96;1.448;6.2
2;2;2;1;98.97;9;445.365;9.352.665;11.23;1;890.73;445.365;6.7
3;3;2;2;93.22;3;13.983;293.643;11.45;1;279.66;13.983;7.2
2;2;2;2;80.93;1;40.465;849.765;16.08;2;80.93;40.465;9
1;1;2;2;67.45;10;33.725;708.225;11.25;3;674.5;33.725;4.2
1;1;2;1;38.72;9;17.424;365.904;12.24;3;348.48;17.424;4.2
3;3;2;2;72.6;6;21.78;457.38;19.51;1;435.6;21.78;6.9
2;2;2;2;87.91;5;219.775;4.615.275;18.10;3;439.55;219.775;4.4
1;1;2;2;98.53;6;29.559;620.739;11.22;2;591.18;29.559;4
2;2;2;1;43.46;6;13.038;273.798;17.55;3;260.76;13.038;8.5
1;1;1;1;71.68;3;10.752;225.792;15.30;2;215.04;10.752;9.2
1;1;2;1;91.61;1;45.805;961.905;19.44;1;91.61;45.805;9.8
3;3;2;1;94.59;7;331.065;6.952.365;15.27;2;662.13;331.065;4.9
3;3;1;1;83.25;10;41.625;874.125;11.25;2;832.5;41.625;4.4
3;3;2;2;91.35;1;45.675;959.175;15.42;1;91.35;45.675;6.8
3;3;2;1;78.88;2;7.888;165.648;16.04;1;157.76;7.888;9.1
1;1;1;2;60.87;2;6.087;127.827;12.37;3;121.74;6.087;8.7
3;3;2;2;82.58;10;41.29;867.09;14.41;1;825.8;41.29;5
1;1;2;2;53.3;3;7.995;167.895;14.19;3;159.9;7.995;7.5
1;1;1;1;12.09;1;0.6045;126.945;18.19;2;12.09;0.6045;8.2
1;1;1;2;64.19;10;32.095;673.995;14.08;2;641.9;32.095;6.7
1;1;1;2;78.31;3;117.465;2.466.765;16.38;3;234.93;117.465;5.4
1;1;2;2;83.77;2;8.377;175.917;10.54;2;167.54;8.377;7
3;3;1;2;99.7;3;14.955;314.055;11.29;3;299.1;14.955;4.7
3;3;2;2;79.91;3;119.865;2.517.165;19.28;2;239.73;119.865;5
3;3;2;2;66.47;10;33.235;697.935;15.01;2;664.7;33.235;5
1;1;1;2;28.95;7;101.325;2.127.825;20.31;2;202.65;101.325;6
2;2;1;1;46.2;1;2.31;48.51;12.16;1;46.2;2.31;6.3
3;3;2;1;17.63;5;44.075;925.575;15.27;1;88.15;44.075;8.5
3;3;1;2;52.42;3;7.863;165.123;17.36;3;157.26;7.863;7.5
3;3;2;1;98.79;3;148.185;3.111.885;20.00;3;296.37;148.185;6.4
2;2;2;1;88.55;8;35.42;743.82;15.29;3;708.4;35.42;4.7
3;3;2;2;55.67;2;5.567;116.907;15.08;3;111.34;5.567;6
2;2;2;1;72.52;8;29.008;609.168;19.26;2;580.16;29.008;4
2;2;2;2;12.05;5;30.125;632.625;15.53;3;60.25;30.125;5.5
1;1;2;2;19.36;9;8.712;182.952;18.43;3;174.24;8.712;8.7
2;2;1;2;70.21;6;21.063;442.323;14.58;1;421.26;21.063;7.4
3;3;2;2;33.63;1;16.815;353.115;19.55;1;33.63;16.815;5.6
2;2;2;1;15.49;2;1.549;32.529;15.10;1;30.98;1.549;6.3
2;2;1;2;24.74;10;12.37;259.77;16.44;1;247.4;12.37;7.1
3;3;1;2;75.66;5;18.915;397.215;18.22;3;378.3;18.915;7.8
3;3;1;1;55.81;6;16.743;351.603;11.52;1;334.86;16.743;9.9
1;1;2;2;72.78;10;36.39;764.19;17.24;1;727.8;36.39;7.3
3;3;2;2;37.32;9;16.794;352.674;15.31;3;335.88;16.794;5.1
3;3;2;2;60.18;4;12.036;252.756;18.04;2;240.72;12.036;9.4
1;1;1;1;15.69;3;23.535;494.235;14.13;2;47.07;23.535;5.8
2;2;1;1;99.69;1;49.845;1.046.745;10.23;2;99.69;49.845;8
1;1;2;1;88.15;3;132.225;2.776.725;10.11;3;264.45;132.225;7.9
1;1;2;1;27.93;5;69.825;1.466.325;15.48;1;139.65;69.825;5.9
1;1;2;2;55.45;1;27.725;582.225;17.46;2;55.45;27.725;4.9
3;3;1;1;42.97;3;64.455;1.353.555;11.46;1;128.91;64.455;9.3
2;2;2;2;17.14;7;5.999;125.979;12.07;2;119.98;5.999;7.9
3;3;2;1;58.75;6;17.625;370.125;18.14;2;352.5;17.625;5.9
2;2;2;1;87.1;10;43.55;914.55;14.45;2;871;43.55;9.9
2;2;1;1;98.8;2;9.88;207.48;11.39;1;197.6;9.88;7.7
1;1;1;1;48.63;4;9.726;204.246;15.44;3;194.52;9.726;7.6
3;3;2;2;57.74;3;8.661;181.881;13.06;3;173.22;8.661;7.7
3;3;1;1;17.97;4;3.594;75.474;20.43;3;71.88;3.594;6.4
2;2;2;1;47.71;6;14.313;300.573;14.19;3;286.26;14.313;4.4
3;3;1;1;40.62;2;4.062;85.302;10.01;2;81.24;4.062;4.1
1;1;2;2;56.04;10;28.02;588.42;19.30;3;560.4;28.02;4.4
3;3;2;2;93.4;2;9.34;196.14;16.34;1;186.8;9.34;5.5
3;3;1;1;73.41;3;110.115;2.312.415;13.10;3;220.23;110.115;4
2;2;1;2;33.64;8;13.456;282.576;17.10;2;269.12;13.456;9.3
1;1;1;1;45.48;10;22.74;477.54;10.22;2;454.8;22.74;4.8
3;3;2;2;83.77;2;8.377;175.917;19.57;1;167.54;8.377;4.6
3;3;2;1;64.08;7;22.428;470.988;19.29;2;448.56;22.428;7.3
1;1;2;1;73.47;4;14.694;308.574;18.30;1;293.88;14.694;6
2;2;1;2;58.95;10;29.475;618.975;14.27;3;589.5;29.475;8.1
1;1;2;2;48.5;6;14.55;305.55;13.57;3;291;14.55;9.4
3;3;2;1;39.48;1;1.974;41.454;19.43;1;39.48;1.974;6.5
3;3;1;1;34.81;1;17.405;365.505;10.11;2;34.81;17.405;7
2;2;1;1;49.32;6;14.796;310.716;13.46;3;295.92;14.796;7.1
1;1;2;2;21.48;2;2.148;45.108;12.22;3;42.96;2.148;6.6
3;3;2;1;23.08;6;6.924;145.404;19.20;3;138.48;6.924;4.9
3;3;2;1;49.1;2;4.91;103.11;12.58;2;98.2;4.91;6.4
3;3;2;1;64.83;2;6.483;136.143;11.59;2;129.66;6.483;8
1;1;2;2;63.56;10;31.78;667.38;17.59;1;635.6;31.78;4.3
2;2;2;2;72.88;2;7.288;153.048;12.51;1;145.76;7.288;6.1
1;1;1;1;67.1;3;10.065;211.365;10.36;1;201.3;10.065;7.5
2;2;2;1;70.19;9;315.855;6.632.955;13.38;1;631.71;315.855;6.7
2;2;2;2;55.04;7;19.264;404.544;19.39;3;385.28;19.264;5.2
1;1;2;2;48.63;10;24.315;510.615;12.44;1;486.3;24.315;8.8
2;2;2;1;73.38;7;25.683;539.343;13.56;1;513.66;25.683;9.5
2;2;1;1;52.6;9;23.67;497.07;14.42;1;473.4;23.67;7.6
1;1;2;1;87.37;5;218.425;4.586.925;19.45;1;436.85;218.425;6.6
1;1;2;1;27.04;4;5.408;113.568;20.26;3;108.16;5.408;6.9
3;3;1;2;62.19;4;12.438;261.198;19.46;3;248.76;12.438;4.3
1;1;2;2;69.58;9;31.311;657.531;19.38;2;626.22;31.311;7.8
2;2;1;2;97.5;10;48.75;1023.75;16.18;3;975;48.75;8
2;2;1;1;60.41;8;24.164;507.444;12.23;3;483.28;24.164;9.6
3;3;1;2;32.32;3;4.848;101.808;19.11;2;96.96;4.848;4.3
3;3;2;1;19.77;10;9.885;207.585;18.57;2;197.7;9.885;5
3;3;2;2;80.47;9;362.115;7.604.415;11.18;1;724.23;362.115;9.2
3;3;2;1;88.39;9;397.755;8.352.855;12.40;1;795.51;397.755;6.3
3;3;1;2;71.77;7;251.195;5.275.095;14.06;1;502.39;251.195;8.9
3;3;1;1;43;4;8.6;180.6;20.48;3;172;8.6;7.6
2;2;2;2;68.98;1;3.449;72.429;20.13;1;68.98;3.449;4.8
2;2;1;2;15.62;8;6.248;131.208;20.37;3;124.96;6.248;9.1
1;1;1;2;25.7;3;3.855;80.955;17.59;3;77.1;3.855;6.1
1;1;2;2;80.62;6;24.186;507.906;20.18;1;483.72;24.186;9.1
2;2;2;1;75.53;4;15.106;317.226;15.52;3;302.12;15.106;8.3
2;2;1;1;77.63;9;349.335;7.336.035;15.14;3;698.67;349.335;7.2
2;2;1;1;13.85;9;62.325;1.308.825;12.50;3;124.65;62.325;6
2;2;2;2;98.7;8;39.48;829.08;10.36;3;789.6;39.48;8.5
1;1;1;1;35.68;5;8.92;187.32;18.33;2;178.4;8.92;6.6
1;1;2;1;71.46;7;25.011;525.231;16.06;3;500.22;25.011;4.5
1;1;2;2;11.94;3;1.791;37.611;12.47;2;35.82;1.791;8.1
1;1;1;2;45.38;3;6.807;142.947;13.34;2;136.14;6.807;7.2
3;3;2;1;17.48;6;5.244;110.124;15.04;2;104.88;5.244;6.1
3;3;1;1;25.56;7;8.946;187.866;20.42;1;178.92;8.946;7.1
2;2;2;1;90.63;9;407.835;8.564.535;15.28;1;815.67;407.835;5.1
3;3;1;2;44.12;3;6.618;138.978;13.45;2;132.36;6.618;7.9
2;2;2;1;36.77;7;128.695;2.702.595;20.10;1;257.39;128.695;7.4
3;3;2;2;23.34;4;4.668;98.028;18.53;3;93.36;4.668;7.4
2;2;2;1;28.5;8;11.4;239.4;14.24;1;228;11.4;6.6
2;2;2;2;55.57;3;83.355;1.750.455;11.42;2;166.71;83.355;5.9
3;3;1;2;69.74;10;34.87;732.27;17.49;2;697.4;34.87;8.9
2;2;1;2;97.26;4;19.452;408.492;15.33;3;389.04;19.452;6.8
3;3;2;1;52.18;7;18.263;383.523;10.54;1;365.26;18.263;9.3
1;1;2;1;22.32;4;4.464;93.744;16.23;2;89.28;4.464;4.4
1;1;1;2;56;3;8.4;176.4;19.33;3;168;8.4;4.8
1;1;2;2;19.7;1;0.985;20.685;11.39;3;19.7;0.985;9.5
3;3;1;2;75.88;7;26.558;557.718;10.38;3;531.16;26.558;8.9
3;3;2;2;53.72;1;2.686;56.406;20.03;3;53.72;2.686;6.4
2;2;2;2;81.95;10;40.975;860.475;12.39;2;819.5;40.975;6
2;2;2;1;81.2;7;28.42;596.82;15.59;2;568.4;28.42;8.1
2;2;1;2;58.76;10;29.38;616.98;14.26;3;587.6;29.38;9
3;3;2;2;91.56;8;36.624;769.104;18.22;3;732.48;36.624;6
1;1;1;2;93.96;9;42.282;887.922;11.32;1;845.64;42.282;9.8
2;2;1;2;55.61;7;194.635;4.087.335;12.41;1;389.27;194.635;8.5
2;2;1;2;84.83;1;42.415;890.715;15.20;3;84.83;42.415;8.8
1;1;2;1;71.63;2;7.163;150.423;14.33;3;143.26;7.163;8.8
1;1;2;2;37.69;2;3.769;79.149;15.29;3;75.38;3.769;9.5
2;2;2;1;31.67;8;12.668;266.028;16.19;2;253.36;12.668;5.6
2;2;2;1;38.42;1;1.921;40.341;16.33;1;38.42;1.921;8.6
3;3;2;2;65.23;10;32.615;684.915;19.07;2;652.3;32.615;5.2
2;2;2;1;10.53;5;26.325;552.825;14.43;2;52.65;26.325;5.8
3;3;2;1;12.29;9;55.305;1.161.405;19.28;2;110.61;55.305;8
2;2;2;2;81.23;7;284.305;5.970.405;20.44;1;568.61;284.305;9
3;3;2;1;22.32;4;4.464;93.744;11.16;3;89.28;4.464;4.1
1;1;1;1;27.28;5;6.82;143.22;10.31;2;136.4;6.82;8.6
1;1;2;1;17.42;10;8.71;182.91;12.30;3;174.2;8.71;7
3;3;1;2;73.28;5;18.32;384.72;15.05;3;366.4;18.32;8.4
2;2;2;1;84.87;3;127.305;2.673.405;18.30;3;254.61;127.305;7.4
1;1;1;1;97.29;8;38.916;817.236;13.18;2;778.32;38.916;6.2
3;3;2;1;35.74;8;14.296;300.216;15.28;3;285.92;14.296;4.9
1;1;1;1;96.52;6;28.956;608.076;11.52;1;579.12;28.956;4.5
1;1;2;2;18.85;10;9.425;197.925;18.24;3;188.5;9.425;5.6
1;1;1;1;55.39;4;11.078;232.638;15.19;3;221.56;11.078;8
3;3;2;1;77.2;10;38.6;810.6;10.38;2;772;38.6;5.6
3;3;1;2;72.13;10;36.065;757.365;15.12;2;721.3;36.065;4.2
1;1;2;1;63.88;8;25.552;536.592;17.48;3;511.04;25.552;9.9
1;1;2;1;10.69;5;26.725;561.225;11.07;3;53.45;26.725;7.6
1;1;2;2;55.5;4;11.1;233.1;15.48;2;222;11.1;6.6
3;3;1;1;95.46;8;38.184;801.864;19.40;3;763.68;38.184;4.7
2;2;1;1;76.06;3;11.409;239.589;20.30;2;228.18;11.409;9.8
3;3;1;2;13.69;6;4.107;86.247;13.59;1;82.14;4.107;6.3
3;3;1;1;95.64;4;19.128;401.688;18.51;1;382.56;19.128;7.9
1;1;1;1;11.43;6;3.429;72.009;17.24;1;68.58;3.429;7.7
3;3;2;1;95.54;4;19.108;401.268;11.58;3;382.16;19.108;4.5
2;2;2;1;85.87;7;300.545;6.311.445;19.01;2;601.09;300.545;8
2;2;2;1;67.99;7;237.965;4.997.265;16.50;3;475.93;237.965;5.7
2;2;1;1;52.42;1;2.621;55.041;10.22;2;52.42;2.621;6.3
2;2;2;2;65.65;2;6.565;137.865;16.46;1;131.3;6.565;6
3;3;1;1;28.86;5;7.215;151.515;18.08;2;144.3;7.215;8
2;2;2;2;65.31;7;228.585;4.800.285;18.02;2;457.17;228.585;4.2
3;3;1;2;93.38;1;4.669;98.049;13.07;1;93.38;4.669;9.6
2;2;2;2;25.25;5;63.125;1.325.625;17.52;1;126.25;63.125;6.1
3;3;2;2;87.87;9;395.415;8.303.715;20.32;3;790.83;395.415;5.6
2;2;1;2;21.8;8;8.72;183.12;19.24;1;174.4;8.72;8.3
1;1;1;1;94.76;4;18.952;397.992;16.06;3;379.04;18.952;7.8
1;1;2;1;30.62;1;1.531;32.151;14.14;2;30.62;1.531;4.1
2;2;1;1;44.01;8;17.604;369.684;17.36;1;352.08;17.604;8.8
2;2;2;1;10.16;5;2.54;53.34;13.08;3;50.8;2.54;4.1
1;1;1;2;74.58;7;26.103;548.163;16.09;2;522.06;26.103;9
2;2;1;2;71.89;8;28.756;603.876;11.33;3;575.12;28.756;5.5
2;2;1;1;10.99;5;27.475;576.975;10.18;2;54.95;27.475;9.3
2;2;2;2;60.47;3;90.705;1.904.805;10.55;2;181.41;90.705;5.6
1;1;1;2;58.91;7;206.185;4.329.885;15.15;3;412.37;206.185;9.7
1;1;1;2;46.41;1;23.205;487.305;20.06;2;46.41;23.205;4
2;2;2;2;68.55;4;13.71;287.91;20.21;2;274.2;13.71;9.2
3;3;1;1;97.37;10;48.685;1.022.385;13.48;2;973.7;48.685;4.9
1;1;2;2;92.6;7;32.41;680.61;12.52;2;648.2;32.41;9.3
1;1;1;1;46.61;2;4.661;97.881;12.28;2;93.22;4.661;6.6
3;3;1;2;27.18;2;2.718;57.078;16.26;3;54.36;2.718;4.3
2;2;2;1;60.87;1;30.435;639.135;13.24;1;60.87;30.435;5.5
1;1;2;1;24.49;10;12.245;257.145;15.15;1;244.9;12.245;8.1
3;3;1;2;92.78;1;4.639;97.419;10.50;2;92.78;4.639;9.8
2;2;2;2;86.69;5;216.725;4.551.225;18.38;3;433.45;216.725;9.4
3;3;1;2;23.01;6;6.903;144.963;16.45;3;138.06;6.903;7.9
2;2;2;1;30.2;8;12.08;253.68;19.30;3;241.6;12.08;5.1
2;2;2;2;67.39;7;235.865;4.953.165;13.23;3;471.73;235.865;6.9
1;1;2;1;48.96;9;22.032;462.672;11.27;1;440.64;22.032;8
3;3;2;1;75.59;9;340.155;7.143.255;11.12;1;680.31;340.155;8
1;1;1;1;77.47;4;15.494;325.374;16.36;1;309.88;15.494;4.2
1;1;1;1;93.18;2;9.318;195.678;18.41;2;186.36;9.318;8.5
1;1;1;1;50.23;4;10.046;210.966;17.12;1;200.92;10.046;9
3;3;1;1;17.75;1;0.8875;186.375;10.38;1;17.75;0.8875;8.6
2;2;1;1;62.18;10;31.09;652.89;10.33;3;621.8;31.09;6
3;3;1;2;10.75;8;4.3;90.3;14.38;3;86;4.3;6.2
1;1;1;1;40.26;10;20.13;422.73;18.06;2;402.6;20.13;5
2;2;2;1;64.97;5;162.425;3.410.925;12.52;2;324.85;162.425;6.5
1;1;1;2;95.15;1;47.575;999.075;14.00;1;95.15;47.575;6
1;1;2;1;48.62;8;19.448;408.408;10.57;1;388.96;19.448;5
3;3;1;1;53.21;8;21.284;446.964;16.45;3;425.68;21.284;5
2;2;1;1;45.44;7;15.904;333.984;11.15;1;318.08;15.904;9.2
1;1;1;2;33.88;8;13.552;284.592;20.29;3;271.04;13.552;9.6
3;3;2;2;96.16;4;19.232;403.872;20.03;2;384.64;19.232;8.4
3;3;2;2;47.16;5;11.79;247.59;14.35;2;235.8;11.79;6
3;3;1;2;52.89;4;10.578;222.138;16.32;3;211.56;10.578;6.7
1;1;2;1;47.68;2;4.768;100.128;10.10;2;95.36;4.768;4.1
2;2;2;2;10.17;1;0.5085;106.785;14.15;1;10.17;0.5085;5.9
1;1;1;1;68.71;3;103.065;2.164.365;10.05;1;206.13;103.065;8.7
3;3;2;1;60.08;7;21.028;441.588;11.36;2;420.56;21.028;4.5
1;1;2;1;22.01;4;4.402;92.442;18.15;2;88.04;4.402;6.6
3;3;2;1;72.11;9;324.495;6.814.395;13.53;2;648.99;324.495;7.7
1;1;2;2;41.28;3;6.192;130.032;18.37;2;123.84;6.192;8.5
2;2;1;2;64.95;10;32.475;681.975;18.27;1;649.5;32.475;5.2
1;1;2;1;74.22;10;37.11;779.31;14.42;2;742.2;37.11;4.3
1;1;1;2;10.56;8;4.224;88.704;17.43;1;84.48;4.224;7.6
3;3;1;2;62.57;4;12.514;262.794;18.37;1;250.28;12.514;9.5
3;3;2;1;11.85;8;4.74;99.54;16.34;1;94.8;4.74;4.1
1;1;2;2;91.3;1;4.565;95.865;14.42;3;91.3;4.565;9.2
3;3;2;1;40.73;7;142.555;2.993.655;11.01;3;285.11;142.555;5.4
1;1;1;2;52.38;1;2.619;54.999;19.44;1;52.38;2.619;5.8
1;1;2;2;38.54;5;9.635;202.335;13.34;3;192.7;9.635;5.6
3;3;1;2;44.63;6;13.389;281.169;20.08;2;267.78;13.389;5.1
2;2;1;2;55.87;10;27.935;586.635;15.01;1;558.7;27.935;5.8
2;2;2;1;29.22;6;8.766;184.086;11.40;3;175.32;8.766;5
1;1;1;2;51.94;3;7.791;163.611;15.21;1;155.82;7.791;7.9
3;3;1;2;60.3;1;3.015;63.315;17.38;1;60.3;3.015;6
1;1;2;1;39.47;2;3.947;82.887;16.16;2;78.94;3.947;5
2;2;2;1;14.87;2;1.487;31.227;18.15;2;29.74;1.487;8.9
1;1;1;2;21.32;1;1.066;22.386;12.43;1;21.32;1.066;5.9
1;1;2;2;93.78;3;14.067;295.407;11.32;2;281.34;14.067;5.9
1;1;2;2;73.26;1;3.663;76.923;18.08;3;73.26;3.663;9.7
2;2;1;1;22.38;1;1.119;23.499;17.08;2;22.38;1.119;8.6
2;2;2;1;72.88;9;32.796;688.716;19.38;1;655.92;32.796;4
1;1;1;1;99.1;6;29.73;624.33;13.11;1;594.6;29.73;4.2
1;1;1;2;74.1;1;3.705;77.805;11.05;1;74.1;3.705;9.2
1;1;1;1;98.48;2;9.848;206.808;10.12;3;196.96;9.848;9.2
2;2;1;2;53.19;7;186.165;3.909.465;15.42;3;372.33;186.165;5
3;3;1;1;52.79;10;26.395;554.295;11.58;3;527.9;26.395;10
1;1;2;1;95.95;5;239.875;5.037.375;14.21;3;479.75;239.875;8.8
3;3;1;1;36.51;9;164.295;3.450.195;10.52;1;328.59;164.295;4.2
3;3;1;2;21.12;8;8.448;177.408;19.31;1;168.96;8.448;6.3
1;1;2;1;28.31;4;5.662;118.902;18.35;1;113.24;5.662;8.2
3;3;1;2;57.59;6;17.277;362.817;13.51;1;345.54;17.277;5.1
1;1;2;1;47.63;9;214.335;4.501.035;12.35;1;428.67;214.335;5
2;2;2;1;86.27;1;43.135;905.835;13.24;3;86.27;43.135;7
1;1;2;2;12.76;2;1.276;26.796;18.06;3;25.52;1.276;7.8
3;3;1;1;11.28;9;5.076;106.596;11.55;2;101.52;5.076;4.3
3;3;1;1;51.07;7;178.745;3.753.645;11.42;1;357.49;178.745;7
1;1;2;1;79.59;3;119.385;2.507.085;14.30;1;238.77;119.385;6.6
2;2;2;2;33.81;3;50.715;1.065.015;15.11;3;101.43;50.715;7.3
3;3;2;2;90.53;8;36.212;760.452;14.48;2;724.24;36.212;6.5
2;2;2;1;62.82;2;6.282;131.922;12.36;3;125.64;6.282;4.9
2;2;2;2;24.31;3;36.465;765.765;19.09;2;72.93;36.465;4.3
1;1;1;2;64.59;4;12.918;271.278;13.35;3;258.36;12.918;9.3
1;1;2;2;24.82;7;8.687;182.427;10.33;2;173.74;8.687;7.1
2;2;1;2;56.5;1;2.825;59.325;15.45;3;56.5;2.825;9.6
3;3;2;1;21.43;10;10.715;225.015;11.51;1;214.3;10.715;6.2
1;1;2;2;89.06;6;26.718;561.078;17.26;1;534.36;26.718;9.9
1;1;2;2;23.29;4;4.658;97.818;11.52;2;93.16;4.658;5.9
2;2;1;2;65.26;8;26.104;548.184;14.04;3;522.08;26.104;6.3
2;2;2;2;52.35;1;26.175;549.675;17.49;1;52.35;26.175;4
3;3;2;2;39.75;1;19.875;417.375;20.19;1;39.75;19.875;6.1
1;1;1;1;90.02;8;36.008;756.168;16.08;2;720.16;36.008;4.5
3;3;2;1;12.1;8;4.84;101.64;10.17;3;96.8;4.84;8.6
3;3;2;1;33.21;10;16.605;348.705;14.25;3;332.1;16.605;6
2;2;2;1;10.18;8;4.072;85.512;12.51;2;81.44;4.072;9.5
3;3;2;2;31.99;10;15.995;335.895;15.18;2;319.9;15.995;9.9
1;1;2;1;34.42;6;10.326;216.846;12.45;3;206.52;10.326;7.5
1;1;2;1;83.34;2;8.334;175.014;13.37;1;166.68;8.334;7.6
1;1;1;2;45.58;7;15.953;335.013;10.03;1;319.06;15.953;5
1;1;2;2;87.9;1;4.395;92.295;19.42;3;87.9;4.395;6.7
1;1;2;1;73.47;10;36.735;771.435;13.14;3;734.7;36.735;9.5
2;2;1;1;12.19;8;4.876;102.396;12.47;3;97.52;4.876;6.8
1;1;2;2;76.92;10;38.46;807.66;19.53;3;769.2;38.46;5.6
2;2;1;1;83.66;5;20.915;439.215;10.26;1;418.3;20.915;7.2
3;3;1;1;57.91;8;23.164;486.444;15.06;1;463.28;23.164;8.1
2;2;2;1;92.49;5;231.225;4.855.725;16.35;2;462.45;231.225;8.6
3;3;1;2;28.38;5;7.095;148.995;20.57;1;141.9;7.095;9.4
3;3;2;2;50.45;6;15.135;317.835;15.16;2;302.7;15.135;8.9
3;3;1;2;99.16;8;39.664;832.944;17.47;2;793.28;39.664;4.2
2;2;1;2;60.74;7;21.259;446.439;16.23;3;425.18;21.259;5
2;2;2;1;47.27;6;14.181;297.801;10.17;1;283.62;14.181;8.8
2;2;2;2;85.6;7;29.96;629.16;13.50;1;599.2;29.96;5.3
1;1;2;2;35.04;9;15.768;331.128;19.17;3;315.36;15.768;4.6
2;2;2;1;44.84;9;20.178;423.738;14.00;2;403.56;20.178;7.5
3;3;1;2;45.97;4;9.194;193.074;12.02;3;183.88;9.194;5.1
1;1;2;1;27.73;5;69.325;1.455.825;20.21;2;138.65;69.325;4.2
1;1;1;2;11.53;7;40.355;847.455;17.35;1;80.71;40.355;8.1
2;2;1;1;58.32;2;5.832;122.472;12.42;3;116.64;5.832;6
2;2;2;1;78.38;4;15.676;329.196;17.56;1;313.52;15.676;7.9
2;2;1;2;84.61;10;42.305;888.405;18.58;2;846.1;42.305;8.8
3;3;1;1;82.88;5;20.72;435.12;14.08;2;414.4;20.72;6.6
1;1;2;1;79.54;2;7.954;167.034;16.30;3;159.08;7.954;6.2
3;3;1;1;49.01;10;24.505;514.605;10.44;2;490.1;24.505;4.2
3;3;2;1;29.15;3;43.725;918.225;20.29;2;87.45;43.725;7.3
2;2;1;1;56.13;4;11.226;235.746;11.43;3;224.52;11.226;8.6
1;1;1;1;93.12;8;37.248;782.208;10.09;1;744.96;37.248;6.8
1;1;2;2;51.34;8;20.536;431.256;10.00;3;410.72;20.536;7.6
1;1;2;1;99.6;3;14.94;313.74;18.45;1;298.8;14.94;5.8
2;2;1;1;35.49;6;10.647;223.587;12.40;1;212.94;10.647;4.1
2;2;2;2;42.85;1;21.425;449.925;15.36;2;42.85;21.425;9.3
1;1;1;1;94.67;4;18.934;397.614;12.04;1;378.68;18.934;6.8
3;3;1;2;68.97;3;103.455;2.172.555;11.26;3;206.91;103.455;8.7
3;3;2;1;26.26;3;3.939;82.719;12.36;3;78.78;3.939;6.3
2;2;2;1;35.79;9;161.055;3.382.155;15.06;2;322.11;161.055;5.1
3;3;1;1;16.37;6;4.911;103.131;10.58;1;98.22;4.911;7
2;2;2;1;12.73;2;1.273;26.733;12.10;2;25.46;1.273;5.2
2;2;1;1;83.14;7;29.099;611.079;10.31;2;581.98;29.099;6.6
2;2;2;1;35.22;6;10.566;221.886;13.49;3;211.32;10.566;6.5
3;3;1;1;13.78;4;2.756;57.876;11.10;3;55.12;2.756;9
3;3;2;2;88.31;1;44.155;927.255;17.38;2;88.31;44.155;5.2
1;1;2;1;39.62;9;17.829;374.409;17.54;2;356.58;17.829;6.8
3;3;1;1;88.25;9;397.125;8.339.625;20.51;2;794.25;397.125;7.6
3;3;1;2;25.31;2;2.531;53.151;19.26;3;50.62;2.531;7.2
3;3;1;2;99.92;6;29.976;629.496;13.33;3;599.52;29.976;7.1
2;2;2;1;83.35;2;8.335;175.035;14.05;2;166.7;8.335;9.5
1;1;1;1;74.44;10;37.22;781.62;11.40;3;744.4;37.22;5.1
2;2;1;2;64.08;7;22.428;470.988;12.27;3;448.56;22.428;7.6
3;3;1;1;63.15;6;18.945;397.845;20.24;3;378.9;18.945;9.8
2;2;2;2;85.72;3;12.858;270.018;20.59;3;257.16;12.858;5.1
2;2;1;1;78.89;7;276.115;5.798.415;19.48;3;552.23;276.115;7.5
1;1;1;1;89.48;5;22.37;469.77;10.18;1;447.4;22.37;7.4
1;1;2;1;92.09;3;138.135;2.900.835;16.27;1;276.27;138.135;4.2
2;2;1;1;57.29;6;17.187;360.927;17.04;3;343.74;17.187;5.9
1;1;1;2;66.52;4;13.304;279.384;18.14;3;266.08;13.304;6.9
2;2;2;2;99.82;9;44.919;943.299;10.43;1;898.38;44.919;6.6
1;1;1;1;45.68;10;22.84;479.64;19.30;3;456.8;22.84;5.7
1;1;1;2;50.79;5;126.975;2.666.475;14.53;2;253.95;126.975;5.3
1;1;2;2;10.08;7;3.528;74.088;20.14;1;70.56;3.528;4.2
1;1;1;1;93.88;7;32.858;690.018;11.51;2;657.16;32.858;7.3
2;2;2;2;84.25;2;8.425;176.925;14.13;2;168.5;8.425;5.3
3;3;2;2;53.78;1;2.689;56.469;20.13;3;53.78;2.689;4.7
2;2;2;2;35.81;5;89.525;1.880.025;18.44;3;179.05;89.525;7.9
3;3;1;1;26.43;8;10.572;222.012;14.26;3;211.44;10.572;8.9
3;3;2;2;39.91;3;59.865;1.257.165;12.40;3;119.73;59.865;9.3
3;3;2;1;21.9;3;3.285;68.985;18.43;3;65.7;3.285;4.7
3;3;2;1;62.85;4;12.57;263.97;13.22;3;251.4;12.57;8.7
2;2;2;1;21.04;4;4.208;88.368;13.58;1;84.16;4.208;7.6
3;3;2;2;65.91;6;19.773;415.233;11.45;1;395.46;19.773;5.7
1;1;1;1;42.57;7;148.995;3.128.895;11.51;1;297.99;148.995;6.8
2;2;2;2;50.49;9;227.205;4.771.305;17.16;1;454.41;227.205;5.4
3;3;1;2;46.02;6;13.806;289.926;15.55;1;276.12;13.806;7.1
2;2;1;1;15.8;10;7.9;165.9;12.07;1;158;7.9;7.8
1;1;2;1;98.66;9;44.397;932.337;15.07;1;887.94;44.397;8.4
2;2;2;2;91.98;1;4.599;96.579;15.29;1;91.98;4.599;9.8
1;1;2;2;20.89;2;2.089;43.869;18.45;1;41.78;2.089;9.8
1;1;1;1;15.5;1;0.775;16.275;15.23;2;15.5;0.775;7.4
2;2;2;2;96.82;3;14.523;304.983;20.37;1;290.46;14.523;6.7
3;3;1;2;33.33;2;3.333;69.993;14.41;2;66.66;3.333;6.4
3;3;1;1;38.27;2;3.827;80.367;18.18;2;76.54;3.827;5.8
1;1;1;1;33.3;9;14.985;314.685;15.27;3;299.7;14.985;7.2
1;1;2;2;81.01;3;121.515;2.551.815;12.55;2;243.03;121.515;9.3
1;1;1;1;15.8;3;2.37;49.77;18.02;1;47.4;2.37;9.5
3;3;2;1;34.49;5;86.225;1.810.725;19.44;2;172.45;86.225;9
3;3;2;1;84.63;10;42.315;888.615;11.36;2;846.3;42.315;9
3;3;2;2;36.91;7;129.185;2.712.885;13.51;3;258.37;129.185;6.7
3;3;1;2;87.08;7;30.478;640.038;15.17;1;609.56;30.478;5.5
1;1;1;2;80.08;3;12.012;252.252;15.29;1;240.24;12.012;5.4
2;2;1;2;86.13;2;8.613;180.873;17.59;1;172.26;8.613;8.2
3;3;2;2;49.92;2;4.992;104.832;11.55;2;99.84;4.992;7
1;1;1;1;74.66;4;14.932;313.572;10.39;1;298.64;14.932;8.5
3;3;2;2;26.6;6;7.98;167.58;15.10;3;159.6;7.98;4.9
3;3;1;1;25.45;1;12.725;267.225;18.10;2;25.45;12.725;5.1
3;3;1;1;67.77;1;33.885;711.585;20.43;2;67.77;33.885;6.5
2;2;2;2;59.59;4;11.918;250.278;12.46;1;238.36;11.918;9.8
1;1;1;2;58.15;4;11.63;244.23;17.44;1;232.6;11.63;8.4
1;1;2;1;97.48;9;43.866;921.186;14.19;3;877.32;43.866;7.4
2;2;1;2;99.96;7;34.986;734.706;10.33;1;699.72;34.986;6.1
2;2;1;2;96.37;7;337.295;7.083.195;11.40;1;674.59;337.295;6
3;3;1;1;63.71;5;159.275;3.344.775;19.30;3;318.55;159.275;8.5
3;3;1;1;14.76;2;1.476;30.996;14.42;3;29.52;1.476;4.3
3;3;2;2;62;8;24.8;520.8;19.08;2;496;24.8;6.2
2;2;2;2;82.34;10;41.17;864.57;19.12;3;823.4;41.17;4.3
3;3;2;2;75.37;8;30.148;633.108;15.46;2;602.96;30.148;8.4
1;1;1;1;56.56;5;14.14;296.94;19.06;2;282.8;14.14;4.5
3;3;1;1;76.6;10;38.3;804.3;18.10;3;766;38.3;6
1;1;1;2;58.03;2;5.803;121.863;20.46;3;116.06;5.803;8.8
3;3;1;2;17.49;10;8.745;183.645;18.35;3;174.9;8.745;6.6
2;2;2;1;60.95;1;30.475;639.975;11.40;3;60.95;30.475;5.9
2;2;1;2;40.35;1;20.175;423.675;13.46;3;40.35;20.175;6.2
3;3;1;1;97.38;10;48.69;1022.49;17.16;3;973.8;48.69;4.4
1;1;2;2;31.84;1;1.592;33.432;13.22;1;31.84;1.592;7.7
1;1;1;2;65.82;1;3.291;69.111;15.33;1;65.82;3.291;4.1
1;1;2;1;88.34;7;30.919;649.299;13.28;1;618.38;30.919;6.6
