Invoice_ID;Branch;Customer type;1;Unit price;Quantity;Tax 5%;Total;Date;Time;cogs;gross income;Rating
75016718428;2;2;1;74.69;7;261.415;5.489.715;152019;13:08;522.83;261.415;9.1
22613113081;1;1;2;15.28;5;3.82;80.22;382019;10:29;76.4;3.82;9.6
63114113108;3;1;2;46.33;7;162.155;3.405.255;332019;13:23;324.31;162.155;7.4
12311911176;1;2;2;58.22;8;23.288;489.048;1272019;20:33;465.76;23.288;8.4
37317317910;1;1;2;86.31;7;302.085;6.343.785;282019;10:37;604.17;302.085;5.3
69911413026;1;1;1;85.39;7;298.865;6.276.165;3252019;18:30;597.73;298.865;4.1
35515315943;3;2;1;68.84;6;20.652;433.692;2252019;14:36;413.04;20.652;5.8
31512215665;1;1;1;73.56;10;36.78;772.38;2242019;11:38;735.6;36.78;8
66513219167;3;2;1;36.26;2;3.626;76.146;1102019;17:15;72.52;3.626;7.2
69219215582;1;2;1;54.84;3;8.226;172.746;2202019;13:27;164.52;8.226;5.9
35116210822;2;2;2;14.48;4;2.896;60.816;262019;18:07;57.92;2.896;4.5
52915613974;2;2;1;25.51;4;5.102;107.142;392019;17:03;102.04;5.102;6.8
36516410515;2;1;2;46.95;5;117.375;2.464.875;2122019;10:25;234.75;117.375;7.1
25215612699;1;1;1;43.19;10;21.595;453.495;272019;16:48;431.9;21.595;8.2
82913413910;1;1;1;71.38;10;35.69;749.49;3292019;19:21;713.8;35.69;5.7
29914611805;1;2;1;93.72;6;28.116;590.436;1152019;16:19;562.32;28.116;4.5
65619519349;2;2;2;68.93;7;241.255;5.066.355;3112019;11:03;482.51;241.255;4.6
76512616951;1;1;2;72.61;6;21.783;457.443;112019;10:39;435.66;21.783;6.9
32916211586;1;1;1;54.67;3;82.005;1.722.105;1212019;18:00;164.01;82.005;8.6
31915013348;1;1;2;40.3;2;4.03;84.63;3112019;15:30;80.6;4.03;4.4
30017114605;2;2;2;86.04;5;21.51;451.71;2252019;11:24;430.2;21.51;4.8
37118515789;3;1;2;87.98;3;13.197;277.137;352019;10:40;263.94;13.197;5.1
27311616619;2;1;2;33.2;2;3.32;69.72;3152019;12:20;66.4;3.32;4.4
63614818204;2;1;2;34.56;5;8.64;181.44;2172019;11:15;172.8;8.64;9.9
54915911358;1;2;1;88.63;3;132.945;2.791.845;322019;17:36;265.89;132.945;6
22710315010;1;2;2;52.59;8;21.036;441.756;3222019;19:20;420.72;21.036;8.5
64912916775;1;1;1;33.52;1;1.676;35.196;282019;15:31;33.52;1.676;6.7
18911714241;2;1;1;87.67;2;8.767;184.107;3102019;12:17;175.34;8.767;7.7
14519419061;1;1;2;88.36;5;22.09;463.89;1252019;19:48;441.8;22.09;9.6
84816217243;2;1;2;24.89;9;112.005;2.352.105;3152019;15:36;224.01;112.005;7.4
87117918483;1;1;2;94.13;5;235.325;4.941.825;2252019;19:39;470.65;235.325;4.8
14917116266;2;2;2;78.07;9;351.315;7.377.615;1282019;12:43;702.63;351.315;4.5
64014912076;2;1;2;83.78;8;33.512;703.752;1102019;14:49;670.24;33.512;5.1
59511115460;2;1;1;96.58;2;9.658;202.818;3152019;10:12;193.16;9.658;5.1
18315616882;1;2;1;99.42;4;19.884;417.564;262019;10:42;397.68;19.884;7.5
23211612483;3;2;2;68.12;1;3.406;71.526;172019;12:28;68.12;3.406;6.8
12912918530;3;2;1;62.62;5;15.655;328.755;3102019;19:15;313.1;15.655;7
27216511806;1;1;1;60.88;9;27.396;575.316;1152019;17:17;547.92;27.396;4.7
33317317901;1;1;2;54.92;8;21.968;461.328;3232019;13:24;439.36;21.968;7.6
77718217220;3;2;1;30.12;8;12.048;253.008;332019;13:01;240.96;12.048;7.7
28013515823;2;2;2;86.72;1;4.336;91.056;1172019;18:45;86.72;4.336;7.9
55415318700;2;2;1;56.11;2;5.611;117.831;222019;10:11;112.22;5.611;6.3
35412515821;3;2;1;69.12;6;20.736;435.456;282019;13:03;414.72;20.736;5.6
22819611411;2;2;2;98.7;8;39.48;829.08;342019;20:39;789.6;39.48;7.6
61711514209;3;2;1;15.37;2;1.537;32.277;3162019;19:47;30.74;1.537;7.2
13213219879;3;2;2;93.96;4;18.792;394.632;392019;18:00;375.84;18.792;9.5
37014117321;2;2;1;56.69;9;255.105;5.357.205;2272019;17:24;510.21;255.105;8.4
72714613608;2;2;2;20.01;9;90.045;1.890.945;262019;15:47;180.09;90.045;4.1
66915411719;2;2;1;18.93;6;5.679;119.259;2102019;12:45;113.58;5.679;8.1
57412215561;2;2;2;82.63;10;41.315;867.615;3192019;17:08;826.3;41.315;7.9
32617815178;3;2;1;91.4;7;31.99;671.79;232019;10:19;639.8;31.99;9.5
16214818011;3;2;1;44.59;5;111.475;2.340.975;2102019;15:10;222.95;111.475;8.5
61612412851;1;2;2;17.87;4;3.574;75.054;3222019;14:42;71.48;3.574;6.5
77817115554;2;2;2;15.43;1;0.7715;162.015;1252019;15:46;15.43;0.7715;6.1
24215516721;3;1;1;16.16;2;1.616;33.936;372019;11:49;32.32;1.616;6.5
39914615918;2;1;2;85.98;8;34.392;722.232;2282019;19:01;687.84;34.392;8.2
10613516779;3;2;2;44.34;2;4.434;93.114;3272019;11:26;88.68;4.434;5.8
63514016220;1;1;1;89.6;8;35.84;752.64;272019;11:28;716.8;35.84;6.6
81714818732;1;2;2;72.35;10;36.175;759.675;1202019;15:55;723.5;36.175;5.4
12010614233;1;1;1;30.61;6;9.183;192.843;3122019;20:36;183.66;9.183;9.3
28516815083;3;2;2;24.74;3;3.711;77.931;2152019;17:47;74.22;3.711;10
80318315989;3;1;1;55.73;6;16.719;351.099;2242019;10:55;334.38;16.719;7
34713412234;3;2;2;55.07;9;247.815;5.204.115;232019;13:40;495.63;247.815;10
19917518169;2;2;2;15.81;10;7.905;166.005;362019;12:27;158.1;7.905;8.6
85312312453;1;2;2;75.74;4;15.148;318.108;2142019;14:35;302.96;15.148;7.6
87712213308;2;2;1;15.87;10;7.935;166.635;3132019;16:40;158.7;7.935;5.8
83817814295;1;1;1;33.47;2;3.347;70.287;2102019;15:43;66.94;3.347;6.7
10912812512;3;2;2;97.61;6;29.283;614.943;172019;15:01;585.66;29.283;9.9
23211113025;2;1;1;78.77;10;39.385;827.085;1242019;10:04;787.7;39.385;6.4
38210314532;1;2;2;18.33;1;0.9165;192.465;222019;18:50;18.33;0.9165;4.3
39316512792;1;1;2;89.48;10;44.74;939.54;162019;12:46;894.8;44.74;9.6
79611212025;3;1;1;62.12;10;31.06;652.26;2112019;16:19;621.2;31.06;5.9
51019516347;3;2;1;48.52;3;7.278;152.838;352019;18:17;145.56;7.278;4
84113516630;2;1;2;75.91;6;22.773;478.233;392019;18:21;455.46;22.773;8.7
28712119091;3;1;1;74.67;9;336.015;7.056.315;1222019;10:55;672.03;336.015;9.4
73219410499;1;1;2;41.65;10;20.825;437.325;1132019;17:04;416.5;20.825;5.4
26311013913;3;2;1;49.04;9;22.068;463.428;192019;14:20;441.36;22.068;8.6
38112010914;3;2;1;20.01;9;90.045;1.890.945;1122019;15:48;180.09;90.045;5.7
82914911914;1;2;1;78.31;10;39.155;822.255;352019;16:24;783.1;39.155;6.6
75610117507;3;1;1;20.38;5;5.095;106.995;1222019;18:56;101.9;5.095;6
87017214431;3;1;1;99.19;6;29.757;624.897;1212019;14:42;595.14;29.757;5.5
84713817188;3;1;2;96.68;3;14.502;304.542;1262019;19:56;290.04;14.502;6.4
48016312856;2;1;1;19.25;8;7.7;161.7;1232019;18:37;154;7.7;6.6
78715610757;3;2;2;80.36;4;16.072;337.512;2232019;18:45;321.44;16.072;8.3
36013915055;3;2;1;48.91;5;122.275;2.567.775;392019;10:17;244.55;122.275;6.6
73015019884;3;1;2;83.06;7;29.071;610.491;352019;14:31;581.42;29.071;4
36215818315;3;1;2;76.52;5;19.13;401.73;3252019;10:23;382.6;19.13;9.9
63314418566;3;2;2;49.38;7;17.283;362.943;3272019;20:35;345.66;17.283;7.3
50413518843;1;1;1;42.47;1;21.235;445.935;122019;16:57;42.47;21.235;5.7
31816815053;1;1;1;76.99;6;23.097;485.037;2272019;17:55;461.94;23.097;6.1
56518015980;2;2;1;47.38;4;9.476;198.996;1232019;10:25;189.52;9.476;7.1
22513210908;3;1;1;44.86;10;22.43;471.03;1262019;19:54;448.6;22.43;8.2
87315110671;3;2;2;21.98;7;7.693;161.553;1102019;16:42;153.86;7.693;5.1
15210819985;1;2;2;64.36;9;28.962;608.202;3122019;12:09;579.24;28.962;8.6
51219110811;2;1;2;89.75;1;44.875;942.375;262019;20:05;89.75;44.875;6.6
59413414444;3;1;2;97.16;1;4.858;102.018;382019;20:38;97.16;4.858;7.2
76618517061;1;1;1;87.87;10;43.935;922.635;3292019;10:25;878.7;43.935;5.1
87113919221;2;1;2;12.45;6;3.735;78.435;292019;13:11;74.7;3.735;4.1
86519216136;3;1;2;52.75;3;79.125;1.661.625;3232019;10:16;158.25;79.125;9.3
73310119107;1;1;2;82.7;6;24.81;521.01;352019;18:14;496.2;24.81;7.4
16315617055;2;2;2;48.71;1;24.355;511.455;3262019;19:20;48.71;24.355;4.1
18919812939;3;1;1;78.55;9;353.475;7.422.975;312019;13:22;706.95;353.475;7.2
55112113069;3;1;2;23.07;9;103.815;2.180.115;212019;11:27;207.63;103.815;4.9
21216211842;3;1;2;58.26;6;17.478;367.038;3282019;16:44;349.56;17.478;9.9
71613911409;1;1;2;30.35;7;106.225;2.230.725;3192019;18:19;212.45;106.225;8
70414813927;2;2;2;88.67;10;44.335;931.035;1122019;14:50;886.7;44.335;7.3
62813413388;1;1;2;27.38;6;8.214;172.494;152019;20:54;164.28;8.214;7.9
63017415166;3;1;1;62.13;6;18.639;391.419;3222019;20:19;372.78;18.639;7.4
58810117461;1;1;2;33.98;9;15.291;321.111;3242019;10:43;305.82;15.291;4.2
86117710145;3;2;1;81.97;10;40.985;860.685;332019;14:30;819.7;40.985;9.2
47912618945;3;2;1;16.49;2;1.649;34.629;252019;11:32;32.98;1.649;4.6
21016715886;2;2;1;98.21;3;147.315;3.093.615;252019;10:41;294.63;147.315;7.8
22717811148;3;1;2;72.84;7;25.494;535.374;2152019;12:44;509.88;25.494;8.4
64514411170;2;2;1;58.07;9;261.315;5.487.615;1192019;20:07;522.63;261.315;4.3
23710116122;1;2;1;80.79;9;363.555;7.634.655;212019;20:31;727.11;363.555;9.5
22519811496;3;1;2;27.02;3;4.053;85.113;322019;13:01;81.06;4.053;7.1
29113211427;3;2;2;21.94;5;5.485;115.185;352019;12:29;109.7;5.485;5.3
65916518956;2;2;1;51.36;1;2.568;53.928;1162019;15:26;51.36;2.568;5.2
64213212990;2;1;2;10.96;10;5.48;115.08;222019;20:48;109.6;5.48;6
37812412715;1;1;1;53.44;2;5.344;112.224;1202019;20:38;106.88;5.344;4.1
63816017125;2;1;2;99.56;8;39.824;836.304;2142019;17:03;796.48;39.824;5.2
65913611684;1;2;2;57.12;7;19.992;419.832;1122019;12:02;399.84;19.992;6.5
21912219386;3;2;2;99.96;9;44.982;944.622;392019;17:26;899.64;44.982;4.2
33617812147;2;2;1;63.91;8;25.564;536.844;3132019;19:52;511.28;25.564;4.6
26812716179;3;2;1;56.47;8;22.588;474.348;392019;14:57;451.76;22.588;7.3
66819018900;2;1;1;93.69;7;327.915;6.886.215;3102019;18:44;655.83;327.915;4.5
87015413162;1;1;1;32.25;5;80.625;1.693.125;1272019;13:26;161.25;80.625;9
18910819157;1;1;1;31.73;9;142.785;2.998.485;182019;16:17;285.57;142.785;5.9
66318619076;3;2;1;68.54;8;27.416;575.736;182019;15:57;548.32;27.416;8.5
54918417482;3;1;1;90.28;9;40.626;853.146;282019;11:15;812.52;40.626;7.2
19111016171;2;1;1;39.62;7;13.867;291.207;1252019;13:18;277.34;13.867;7.5
80217015316;2;2;1;92.13;6;27.639;580.419;362019;20:34;552.78;27.639;8.3
69515110018;1;1;2;34.84;4;6.968;146.328;2102019;18:36;139.36;6.968;7.4
59018314591;2;2;1;87.45;6;26.235;550.935;2172019;14:40;524.7;26.235;8.8
48317111164;2;1;2;81.3;6;24.39;512.19;382019;16:43;487.8;24.39;5.3
59717817908;3;1;1;90.22;3;13.533;284.193;2182019;19:39;270.66;13.533;6.2
70018111757;3;1;1;26.31;5;65.775;1.381.275;1182019;20:59;131.55;65.775;8.8
35413915160;1;2;2;34.42;6;10.326;216.846;2182019;15:39;206.52;10.326;9.8
24117219525;1;1;2;51.91;10;25.955;545.055;2162019;12:21;519.1;25.955;8.2
57513018091;2;1;1;72.5;8;29;609;3162019;19:25;580;29;9.2
73118119469;1;2;2;89.8;10;44.9;942.9;1232019;13:00;898;44.9;5.4
28011714359;3;2;1;90.5;10;45.25;950.25;1252019;13:48;905;45.25;8.1
33816512210;3;2;1;68.6;10;34.3;720.3;252019;19:57;686;34.3;9.1
48812514221;3;2;1;30.41;1;15.205;319.305;2222019;10:36;30.41;15.205;8.4
23911017476;3;1;1;77.95;6;23.385;491.085;1212019;16:37;467.7;23.385;8
45814111477;1;1;1;46.26;6;13.878;291.438;382019;17:11;277.56;13.878;9.5
68516411609;3;2;2;30.14;10;15.07;316.47;2102019;12:28;301.4;15.07;9.2
56819015112;1;1;2;66.14;4;13.228;277.788;3192019;12:46;264.56;13.228;5.6
26214712794;3;2;2;71.86;8;28.744;603.624;362019;15:07;574.88;28.744;6.2
23814910436;2;1;1;32.46;8;12.984;272.664;3272019;13:48;259.68;12.984;4.9
60819613517;1;2;2;91.54;4;18.308;384.468;3232019;19:20;366.16;18.308;4.8
58418617256;2;2;2;34.56;7;12.096;254.016;3112019;16:07;241.92;12.096;7.3
74619410204;3;1;1;83.24;9;37.458;786.618;1292019;11:56;749.16;37.458;7.4
21411716927;1;1;1;16.48;6;4.944;103.824;272019;18:23;98.88;4.944;9.9
40018914171;3;1;2;80.97;8;32.388;680.148;1282019;13:05;647.76;32.388;9.3
78219519291;3;2;2;92.29;5;230.725;4.845.225;2202019;15:55;461.45;230.725;9
27917412924;1;2;2;72.17;1;36.085;757.785;142019;19:40;72.17;36.085;6.1
30718512293;2;1;2;50.28;5;12.57;263.97;372019;13:58;251.4;12.57;9.7
74310411105;2;2;2;97.22;9;43.749;918.729;3302019;14:43;874.98;43.749;6
42315712993;2;1;1;93.39;6;28.017;588.357;3272019;19:18;560.34;28.017;10
89414115205;2;1;2;43.18;8;17.272;362.712;1192019;19:39;345.44;17.272;8.3
27512810149;3;1;2;63.69;1;31.845;668.745;2252019;16:21;63.69;31.845;6
10111716199;1;1;2;45.79;7;160.265;3.365.565;3132019;19:44;320.53;160.265;7
42318010988;1;1;2;76.4;2;7.64;160.44;1302019;19:42;152.8;7.64;6.5
54814619322;3;1;2;39.9;10;19.95;418.95;2202019;15:24;399;19.95;5.9
50510210892;2;2;2;42.57;8;17.028;357.588;2252019;14:12;340.56;17.028;5.6
23416512137;2;1;2;95.58;10;47.79;1003.59;1162019;13:32;955.8;47.79;4.8
68714718271;3;1;2;98.98;10;49.49;1039.29;282019;16:20;989.8;49.49;8.7
79613219050;1;1;2;51.28;6;15.384;323.064;1192019;16:31;307.68;15.384;6.5
10513111824;1;2;2;69.52;7;24.332;510.972;212019;15:10;486.64;24.332;8.5
24914213782;1;1;2;70.01;5;175.025;3.675.525;132019;11:36;350.05;175.025;5.5
31615514634;1;2;2;80.05;5;200.125;4.202.625;1262019;12:45;400.25;200.125;9.4
73313314967;2;1;2;20.85;8;8.34;175.14;332019;19:17;166.8;8.34;6.3
60812716295;3;2;2;52.89;6;15.867;333.207;1192019;17:34;317.34;15.867;9.8
41411217047;2;1;2;19.79;8;7.916;166.236;1182019;12:04;158.32;7.916;8.7
82712612100;2;2;2;33.84;9;15.228;319.788;3212019;16:21;304.56;15.228;8.8
17515412529;1;2;1;22.17;8;8.868;186.228;332019;17:01;177.36;8.868;9.6
13915212867;1;1;2;22.51;7;78.785;1.654.485;2132019;10:50;157.57;78.785;4.8
40716318975;3;1;2;73.88;6;22.164;465.444;3232019;19:16;443.28;22.164;4.4
34216514817;1;2;2;86.8;3;13.02;273.42;1282019;16:47;260.4;13.02;9.9
13019818941;3;1;2;64.26;7;22.491;472.311;292019;10:00;449.82;22.491;5.7
43418319547;3;2;2;38.47;8;15.388;323.148;1232019;11:51;307.76;15.388;7.7
85112816367;3;2;2;15.5;10;7.75;162.75;3232019;10:55;155;7.75;8
82418813614;1;1;1;34.31;8;13.724;288.204;1252019;15:00;274.48;13.724;5.7
58612510848;3;1;2;12.34;7;4.319;90.699;342019;11:19;86.38;4.319;6.7
89516610685;1;2;1;18.08;3;2.712;56.952;352019;19:46;54.24;2.712;8
30511410245;2;2;2;94.49;8;37.796;793.716;332019;19:00;755.92;37.796;7.5
73210415373;2;2;2;46.47;4;9.294;195.174;282019;10:53;185.88;9.294;7
40016017251;2;1;1;74.07;1;37.035;777.735;2102019;12:50;74.07;37.035;9.9
59316511552;1;1;1;69.81;4;13.962;293.202;1282019;20:50;279.24;13.962;5.9
28413419626;3;1;1;77.04;3;11.556;242.676;2112019;10:39;231.12;11.556;7.2
43715818131;2;1;1;73.52;2;7.352;154.392;1152019;13:41;147.04;7.352;4.6
28614316208;2;1;2;87.8;9;39.51;829.71;3162019;19:08;790.2;39.51;9.2
64114312399;3;1;2;25.55;4;5.11;107.31;1262019;20:23;102.2;5.11;5.7
83110716050;2;1;1;32.71;5;81.775;1.717.275;3192019;11:30;163.55;81.775;9.9
55618613144;1;2;2;74.29;1;37.145;780.045;1132019;19:30;74.29;37.145;5
84812419445;3;2;1;43.7;2;4.37;91.77;3262019;18:03;87.4;4.37;4.9
85612218149;3;1;2;25.29;1;12.645;265.545;3232019;10:13;25.29;12.645;6.1
69910114164;1;1;1;41.5;4;8.3;174.3;3122019;19:58;166;8.3;8.2
42011114919;3;2;1;71.39;5;178.475;3.747.975;2172019;19:57;356.95;178.475;5.5
60618014905;3;2;1;19.15;6;5.745;120.645;1292019;10:01;114.9;5.745;6.8
54214110513;3;2;2;57.49;4;11.498;241.458;3152019;11:57;229.96;11.498;6.6
42613912418;2;1;2;61.41;7;214.935;4.513.635;1142019;10:02;429.87;214.935;9.8
87514615808;3;2;2;25.9;10;12.95;271.95;262019;14:51;259;12.95;8.7
39414314238;2;2;1;17.77;5;44.425;932.925;2152019;12:42;88.85;44.425;5.4
74912411565;2;1;1;23.03;9;103.635;2.176.335;132019;12:02;207.27;103.635;7.9
67215118681;1;2;1;66.65;9;299.925;6.298.425;142019;18:19;599.85;299.925;9.7
26318715680;3;2;1;28.53;10;14.265;299.565;3182019;17:38;285.3;14.265;7.8
57315819734;3;1;1;30.37;3;45.555;956.655;3282019;13:41;91.11;45.555;5.1
81716918206;2;1;2;99.73;9;448.785;9.424.485;322019;19:42;897.57;448.785;6.5
88810210338;2;1;1;26.23;9;118.035;2.478.735;1252019;20:24;236.07;118.035;5.9
67711110152;1;1;2;93.26;9;41.967;881.307;1162019;18:08;839.34;41.967;8.8
14216316033;3;1;2;92.36;5;23.09;484.89;3202019;19:17;461.8;23.09;4.9
65611611063;2;1;1;46.42;3;6.963;146.223;142019;13:24;139.26;6.963;4.4
89115818335;2;2;2;29.61;7;103.635;2.176.335;3112019;15:53;207.27;103.635;6.5
80214318934;2;1;1;18.28;1;0.914;19.194;3222019;15:05;18.28;0.914;8.3
56013015617;1;1;1;24.77;5;61.925;1.300.425;3242019;18:27;123.85;61.925;8.5
31917412561;2;2;2;94.64;3;14.196;298.116;2212019;16:55;283.92;14.196;5.5
54910319315;1;1;1;94.87;8;37.948;796.908;2122019;12:58;758.96;37.948;8.7
79012911172;2;1;2;57.34;3;8.601;180.621;3102019;18:59;172.02;8.601;7.9
23913613640;2;1;2;45.35;6;13.605;285.705;1312019;13:44;272.1;13.605;6.1
46810112051;2;1;2;62.08;7;21.728;456.288;362019;13:46;434.56;21.728;5.4
38912513394;2;1;1;11.81;5;29.525;620.025;2172019;18:06;59.05;29.525;9.4
27916211445;3;2;2;12.54;1;0.627;13.167;2212019;12:38;12.54;0.627;8.2
21317216612;3;1;1;43.25;2;4.325;90.825;3202019;15:56;86.5;4.325;6.2
74616816593;1;2;2;87.16;2;8.716;183.036;1112019;14:29;174.32;8.716;9.7
83618215858;3;2;2;69.37;9;312.165;6.555.465;1262019;19:14;624.33;312.165;4
58317211480;2;2;1;37.06;4;7.412;155.652;1312019;16:24;148.24;7.412;9.7
46616115506;3;2;1;90.7;6;27.21;571.41;2262019;10:52;544.2;27.21;5.3
72118616247;2;1;1;63.42;8;25.368;532.728;3112019;12:55;507.36;25.368;7.4
28916515721;1;1;1;81.37;2;8.137;170.877;1262019;19:28;162.74;8.137;6.5
54514613100;2;2;1;10.59;3;15.885;333.585;3122019;13:52;31.77;15.885;8.7
41810215978;2;1;2;84.09;9;378.405;7.946.505;2112019;10:54;756.81;378.405;8
26910415750;2;2;2;73.82;4;14.764;310.044;2212019;18:31;295.28;14.764;6.7
15711315295;2;2;1;51.94;10;25.97;545.37;392019;18:24;519.4;25.97;6.5
64517818093;1;1;2;93.14;2;9.314;195.594;1202019;18:09;186.28;9.314;4.1
21113019270;1;1;1;17.41;5;43.525;914.025;1282019;15:16;87.05;43.525;4.9
75511213214;3;2;1;44.22;5;11.055;232.155;352019;17:07;221.1;11.055;8.6
34618413103;3;2;2;13.22;5;3.305;69.405;322019;19:26;66.1;3.305;4.3
47810617835;2;1;2;89.69;1;44.845;941.745;1112019;11:20;89.69;44.845;4.9
54011114336;1;1;2;24.94;9;11.223;235.683;1112019;16:49;224.46;11.223;5.6
44818115016;1;1;2;59.77;2;5.977;125.517;3112019;12:01;119.54;5.977;5.8
14217214741;1;2;2;93.2;2;9.32;195.72;2282019;18:37;186.4;9.32;6
21715811179;3;2;2;62.65;4;12.53;263.13;152019;11:25;250.6;12.53;4.2
37610218238;1;1;2;93.87;8;37.548;788.508;222019;18:42;750.96;37.548;8.3
53019019855;2;2;1;47.59;8;19.036;399.756;112019;14:47;380.72;19.036;5.7
86610517563;1;2;2;81.4;3;12.21;256.41;292019;19:43;244.2;12.21;4.8
60417016476;2;2;2;17.94;5;4.485;94.185;1232019;14:04;89.7;4.485;6.8
79917111548;1;2;2;77.72;4;15.544;326.424;172019;16:11;310.88;15.544;8.8
78511317708;1;1;2;73.06;7;25.571;536.991;1142019;19:06;511.42;25.571;4.2
84515110542;2;2;2;46.55;9;209.475;4.398.975;222019;15:34;418.95;209.475;6.4
66214715456;2;2;1;35.19;10;17.595;369.495;3172019;19:06;351.9;17.595;8.4
88311714236;3;1;2;14.39;2;1.439;30.219;322019;19:44;28.78;1.439;7.2
29016812984;3;1;2;23.75;4;4.75;99.75;3162019;11:22;95;4.75;5.2
70411116354;1;2;2;58.9;8;23.56;494.76;162019;11:23;471.2;23.56;8.9
11014817033;1;2;2;32.62;4;6.524;137.004;1292019;14:12;130.48;6.524;9
36619310948;2;2;2;66.35;1;33.175;696.675;1312019;10:46;66.35;33.175;9.7
72910919681;1;2;2;25.91;6;7.773;163.233;252019;10:16;155.46;7.773;8.7
15111611484;1;2;2;32.25;4;6.45;135.45;2132019;12:38;129;6.45;6.5
38019414661;1;2;1;65.94;4;13.188;276.948;272019;13:05;263.76;13.188;6.9
85014119669;3;1;1;75.06;9;33.777;709.317;3192019;13:25;675.54;33.777;6.2
82110713596;1;1;1;16.45;4;3.29;69.09;372019;14:53;65.8;3.29;5.6
65518515130;3;2;1;38.3;4;7.66;160.86;3132019;19:22;153.2;7.66;5.7
44711517839;2;2;2;22.24;10;11.12;233.52;292019;11:00;222.4;11.12;4.2
15417417179;1;1;1;54.45;1;27.225;571.725;2262019;19:24;54.45;27.225;7.9
25311216086;2;2;2;98.4;7;34.44;723.24;3122019;12:43;688.8;34.44;8.7
80816510703;1;1;1;35.47;4;7.094;148.974;3142019;17:22;141.88;7.094;6.9
57119410759;3;2;2;74.6;10;37.3;783.3;182019;20:55;746;37.3;9.5
14415116085;2;2;1;70.74;4;14.148;297.108;152019;16:05;282.96;14.148;4.4
73111412199;1;2;1;35.54;10;17.77;373.17;142019;13:34;355.4;17.77;7
78310911637;1;1;1;67.43;5;168.575;3.540.075;362019;18:13;337.15;168.575;6.3
68711511097;2;2;1;21.12;2;2.112;44.352;132019;19:17;42.24;2.112;9.7
12615411082;3;2;1;21.54;9;9.693;203.553;172019;11:44;193.86;9.693;8.8
63319111052;1;1;1;12.03;2;1.203;25.263;1272019;15:51;24.06;1.203;5.1
47712416490;1;1;2;99.71;6;29.913;628.173;2262019;16:52;598.26;29.913;7.9
56611915475;2;1;1;47.97;7;167.895;3.525.795;172019;20:52;335.79;167.895;6.2
52618618552;2;2;1;21.82;10;10.91;229.11;172019;17:36;218.2;10.91;7.1
37615613573;3;1;2;95.42;4;19.084;400.764;222019;13:23;381.68;19.084;6.4
53717210426;3;2;2;70.99;10;35.495;745.395;3202019;16:28;709.9;35.495;5.7
82816115674;3;2;1;44.02;10;22.01;462.21;3202019;19:57;440.2;22.01;9.6
13610816195;1;1;2;69.96;8;27.984;587.664;2152019;17:01;559.68;27.984;6.4
52313810215;1;1;1;37;1;1.85;38.85;362019;13:29;37;1.85;7.9
49012911201;3;1;2;15.34;1;0.767;16.107;162019;11:09;15.34;0.767;6.5
66719210055;1;2;1;99.83;6;29.949;628.929;342019;15:02;598.98;29.949;8.5
56511713836;1;2;2;47.67;4;9.534;200.214;3122019;14:21;190.68;9.534;9.1
49814111961;1;1;2;66.68;5;16.67;350.07;2202019;18:01;333.4;16.67;7.6
59319514461;2;2;1;74.86;1;3.743;78.603;3242019;14:49;74.86;3.743;6.9
22617113580;3;1;1;23.75;9;106.875;2.244.375;1312019;12:02;213.75;106.875;9.5
28317919594;3;1;1;48.51;7;169.785;3.565.485;1252019;13:30;339.57;169.785;5.2
43016013493;2;2;2;94.88;7;33.208;697.368;232019;14:38;664.16;33.208;4.2
13912010155;1;2;2;40.3;10;20.15;423.15;1242019;17:37;403;20.15;7
55818014082;2;1;1;27.85;7;97.475;2.046.975;3142019;17:20;194.95;97.475;6
27819717759;3;2;1;62.48;1;3.124;65.604;2182019;20:29;62.48;3.124;4.7
31616816352;1;2;2;36.36;2;3.636;76.356;1212019;10:00;72.72;3.636;7.1
58510315943;1;1;1;18.11;10;9.055;190.155;3132019;11:46;181.1;9.055;5.9
21110510490;2;2;2;51.92;5;12.98;272.58;332019;13:42;259.6;12.98;7.5
72717516477;3;1;2;28.84;4;5.768;121.128;3292019;14:44;115.36;5.768;6.4
74410215987;3;2;2;78.38;6;23.514;493.794;1102019;14:16;470.28;23.514;5.8
30718319164;1;2;1;60.01;4;12.002;252.042;1252019;15:54;240.04;12.002;4.5
77910610012;1;2;2;88.61;1;44.305;930.405;1192019;10:21;88.61;44.305;7.7
44614716729;3;1;2;99.82;2;9.982;209.622;122019;18:09;199.64;9.982;6.7
57311013877;3;2;2;39.01;1;19.505;409.605;3122019;16:46;39.01;19.505;4.7
73510614124;2;1;1;48.61;1;24.305;510.405;2252019;15:31;48.61;24.305;4.4
43915417422;3;1;1;51.19;4;10.238;214.998;3182019;17:15;204.76;10.238;4.7
39619012219;1;1;2;14.96;8;5.984;125.664;2232019;12:29;119.68;5.984;8.6
41117710180;2;2;1;72.2;7;25.27;530.67;3262019;20:14;505.4;25.27;4.3
28610115402;1;1;1;40.23;7;140.805;2.956.905;3302019;13:22;281.61;140.805;9.6
80311718013;1;2;1;88.79;8;35.516;745.836;2172019;17:09;710.32;35.516;4.1
51219811403;1;2;1;26.48;3;3.972;83.412;3212019;10:40;79.44;3.972;4.7
84814212560;1;1;2;81.91;2;8.191;172.011;352019;17:43;163.82;8.191;7.8
53215917201;1;2;2;79.93;6;23.979;503.559;1312019;14:04;479.58;23.979;5.5
18119416432;2;2;1;69.33;2;6.933;145.593;252019;19:05;138.66;6.933;9.7
87017611733;3;2;1;14.23;5;35.575;747.075;212019;10:08;71.15;35.575;4.4
42316414619;1;2;1;15.55;9;69.975;1.469.475;372019;13:12;139.95;69.975;5
22710714446;1;2;2;78.13;10;39.065;820.365;2102019;20:51;781.3;39.065;4.4
17413613675;3;2;1;99.37;2;9.937;208.677;2142019;17:29;198.74;9.937;5.2
42818315800;3;2;2;21.08;3;3.162;66.402;292019;10:25;63.24;3.162;7.3
60310710961;3;2;1;74.79;5;186.975;3.926.475;1102019;11:34;373.95;186.975;4.9
70412014138;3;2;2;29.67;7;103.845;2.180.745;3112019;18:58;207.69;103.845;8.1
78711511757;3;2;1;44.07;4;8.814;185.094;2182019;16:28;176.28;8.814;8.4
64911113678;3;1;1;22.93;9;103.185;2.166.885;2262019;20:26;206.37;103.185;5.5
62212011945;3;1;2;39.42;1;1.971;41.391;1182019;15:08;39.42;1.971;8.4
37219418041;3;1;1;15.26;6;4.578;96.138;2152019;18:03;91.56;4.578;9.8
56319117120;1;1;2;61.77;5;154.425;3.242.925;382019;13:21;308.85;154.425;6.7
74615415508;1;1;2;21.52;6;6.456;135.576;1172019;12:48;129.12;6.456;9.4
27615410879;1;1;2;97.74;4;19.548;410.508;3122019;19:53;390.96;19.548;6.4
81511111168;2;2;2;99.78;5;24.945;523.845;392019;19:09;498.9;24.945;5.4
71917613868;1;2;2;94.26;4;18.852;395.892;3122019;16:30;377.04;18.852;8.6
73016118757;3;2;2;51.13;4;10.226;214.746;1252019;10:11;204.52;10.226;4
34016610321;2;2;2;36.36;4;7.272;152.712;3252019;13:07;145.44;7.272;7.6
86818111752;1;1;2;22.02;9;9.909;208.089;272019;18:48;198.18;9.909;6.8
63419718956;2;1;2;32.9;3;4.935;103.635;2172019;17:27;98.7;4.935;9.1
56617111091;1;1;2;77.02;5;19.255;404.355;232019;15:59;385.1;19.255;5.5
44214813607;1;2;2;23.48;2;2.348;49.308;3142019;11:21;46.96;2.348;7.9
83511610096;1;2;1;14.7;5;3.675;77.175;3242019;13:48;73.5;3.675;8.5
52710916272;3;2;2;28.45;5;71.125;1.493.625;3212019;10:17;142.25;71.125;9.1
89810412717;1;1;1;76.4;9;34.38;721.98;3192019;15:49;687.6;34.38;7.5
69212718933;1;1;1;57.95;6;17.385;365.085;2242019;13:02;347.7;17.385;5.2
63310913463;2;1;1;47.65;3;71.475;1.500.975;3282019;12:58;142.95;71.475;9.5
37411713652;3;2;2;42.82;9;19.269;404.649;252019;15:26;385.38;19.269;8.9
37810717001;2;2;1;48.09;3;72.135;1.514.835;2102019;18:23;144.27;72.135;7.8
43317516987;2;2;1;55.97;7;195.895;4.113.795;352019;19:06;391.79;195.895;8.9
87319514984;2;2;1;76.9;7;26.915;565.215;2152019;20:21;538.3;26.915;7.7
41611315917;2;1;2;97.03;5;242.575;5.094.075;1302019;16:24;485.15;242.575;9.3
15018918043;3;1;1;44.65;3;66.975;1.406.475;2142019;15:04;133.95;66.975;6.2
13518418019;1;1;2;77.93;9;350.685;7.364.385;2272019;16:10;701.37;350.685;7.6
44119417118;1;2;1;71.95;1;35.975;755.475;242019;12:14;71.95;35.975;7.3
72519613778;1;2;2;89.25;8;35.7;749.7;1202019;10:13;714;35.7;4.7
53118011784;3;1;1;26.02;7;9.107;191.247;3282019;17:38;182.14;9.107;5.1
40014511220;1;1;1;13.5;10;6.75;141.75;2272019;11:06;135;6.75;4.8
86017910874;2;2;2;99.3;10;49.65;1042.65;2152019;14:53;993;49.65;6.6
83416118124;3;1;1;51.69;7;180.915;3.799.215;1262019;18:22;361.83;180.915;5.5
11519914379;1;2;2;54.73;7;191.555;4.022.655;3142019;19:02;383.11;191.555;8.5
56516716697;2;2;1;27;9;12.15;255.15;322019;14:16;243;12.15;4.8
32014916392;2;1;1;30.24;1;1.512;31.752;342019;15:44;30.24;1.512;8.4
88910419723;3;2;1;89.14;4;17.828;374.388;172019;12:20;356.56;17.828;7.8
63219010281;2;1;1;37.55;10;18.775;394.275;382019;20:01;375.5;18.775;9.3
55414212417;3;1;2;95.44;10;47.72;1002.12;192019;13:45;954.4;47.72;5.2
45316316187;3;1;2;27.5;3;4.125;86.625;312019;15:40;82.5;4.125;6.5
57818017669;2;1;2;74.97;1;37.485;787.185;3162019;16:58;74.97;37.485;5.6
61213615536;2;2;1;80.96;8;32.384;680.064;2172019;11:12;647.68;32.384;7.4
60517214132;1;1;2;94.47;8;37.788;793.548;2272019;15:12;755.76;37.788;9.1
47114112823;3;1;2;99.79;2;9.979;209.559;372019;20:37;199.58;9.979;8
46216719126;3;1;1;73.22;6;21.966;461.286;1212019;17:44;439.32;21.966;7.2
27212719238;1;1;1;41.24;4;8.248;173.208;2192019;16:23;164.96;8.248;7.1
83412519262;3;1;1;81.68;4;16.336;343.056;162019;12:12;326.72;16.336;9.1
12216119553;3;1;2;51.32;9;23.094;484.974;3142019;19:33;461.88;23.094;5.6
46818810009;3;2;1;65.94;4;13.188;276.948;3242019;10:29;263.76;13.188;6
61315919758;1;1;2;14.36;10;7.18;150.78;1272019;14:28;143.6;7.18;5.4
25413110042;3;2;1;21.5;9;9.675;203.175;362019;12:46;193.5;9.675;7.8
20118612184;1;2;1;26.26;7;9.191;193.011;222019;19:40;183.82;9.191;9.9
26111218671;2;1;1;60.96;2;6.096;128.016;1252019;19:39;121.92;6.096;4.9
73017019830;2;1;2;70.11;6;21.033;441.693;3142019;17:54;420.66;21.033;5.2
38212518917;3;1;1;42.08;6;12.624;265.104;1292019;12:25;252.48;12.624;8.9
42212918786;3;1;1;67.09;5;167.725;3.522.225;132019;16:47;335.45;167.725;9.1
66712315919;1;2;1;96.7;5;24.175;507.675;1142019;12:52;483.5;24.175;7
84310114703;1;2;2;35.38;9;15.921;334.341;152019;19:50;318.42;15.921;9.6
74318811662;2;1;2;95.49;7;334.215;7.018.515;2222019;18:17;668.43;334.215;8.7
59518612894;3;2;1;96.98;4;19.396;407.316;262019;17:20;387.92;19.396;9.4
18216918360;3;1;2;23.65;4;4.73;99.33;1302019;13:32;94.6;4.73;4
28911517034;2;2;1;82.33;4;16.466;345.786;1112019;10:37;329.32;16.466;7.5
46217815240;1;1;1;26.61;2;2.661;55.881;3192019;14:35;53.22;2.661;4.2
86815217573;3;1;1;99.69;5;249.225;5.233.725;1142019;12:09;498.45;249.225;9.9
15315814872;2;2;1;74.89;4;14.978;314.538;312019;15:32;299.56;14.978;4.2
66217212873;3;1;2;40.94;5;10.235;214.935;162019;13:58;204.7;10.235;9.9
52518817307;1;2;2;75.82;1;3.791;79.611;1312019;13:19;75.82;3.791;5.8
68911619784;2;1;1;46.77;6;14.031;294.651;3112019;13:37;280.62;14.031;6
72515610833;3;1;1;32.32;10;16.16;339.36;2202019;16:49;323.2;16.16;10
39414110748;1;2;2;54.07;9;243.315;5.109.615;1272019;14:55;486.63;243.315;9.5
59614213999;3;1;1;18.22;7;6.377;133.917;3102019;14:04;127.54;6.377;6.6
54118919860;2;2;1;80.48;3;12.072;253.512;2152019;12:31;241.44;12.072;8.1
17318219529;3;1;2;37.95;10;18.975;398.475;1262019;14:51;379.5;18.975;9.7
56313619814;2;2;1;76.82;1;3.841;80.661;2132019;18:27;76.82;3.841;7.2
30814714913;1;2;1;52.26;10;26.13;548.73;392019;12:45;522.6;26.13;6.2
88511716250;1;1;1;79.74;1;3.987;83.727;362019;10:36;79.74;3.987;7.3
72612712396;1;1;1;77.5;5;19.375;406.875;1242019;20:36;387.5;19.375;4.3
31610113952;1;1;2;54.27;5;135.675;2.849.175;3132019;14:16;271.35;135.675;4.6
76015411821;1;1;1;13.59;9;61.155;1.284.255;3152019;10:26;122.31;61.155;5.8
79311013222;2;2;2;41.06;6;12.318;258.678;352019;13:30;246.36;12.318;8.3
34611213257;2;2;1;19.24;9;8.658;181.818;342019;16:28;173.16;8.658;8
11010516330;2;1;2;39.43;6;11.829;248.409;3252019;20:18;236.58;11.829;9.4
65116110874;3;1;2;46.22;4;9.244;194.124;3122019;20:04;184.88;9.244;6.2
23618613015;3;2;1;13.98;1;0.699;14.679;242019;13:38;13.98;0.699;9.8
83116410259;3;1;1;39.75;5;99.375;2.086.875;2222019;10:43;198.75;99.375;9.6
58710317455;2;2;2;97.79;7;342.265;7.187.565;2162019;17:30;684.53;342.265;4.9
88214014577;3;2;2;67.26;4;13.452;282.492;1192019;15:28;269.04;13.452;8
73216715346;1;1;1;13.79;5;34.475;723.975;1112019;19:07;68.95;34.475;7.8
72513219708;1;2;1;68.71;4;13.742;288.582;142019;19:01;274.84;13.742;4.1
25610818343;2;1;1;56.53;4;11.306;237.426;342019;19:48;226.12;11.306;5.5
37212611506;1;1;1;23.82;5;5.955;125.055;1282019;19:24;119.1;5.955;5.4
24410810162;3;1;2;34.21;10;17.105;359.205;122019;13:00;342.1;17.105;5.1
56917114390;2;1;2;21.87;2;2.187;45.927;1252019;14:29;43.74;2.187;6.9
13212316451;2;2;2;20.97;5;52.425;1.100.925;142019;13:21;104.85;52.425;7.8
69619012548;1;1;2;25.84;3;3.876;81.396;3102019;18:55;77.52;3.876;6.6
47211519636;1;1;2;50.93;8;20.372;427.812;3222019;19:36;407.44;20.372;9.2
26810316164;1;1;1;96.11;1;48.055;1.009.155;1252019;16:28;96.11;48.055;7.8
75015719686;2;1;1;45.38;4;9.076;190.596;182019;13:48;181.52;9.076;8.7
18610913669;3;2;1;81.51;1;40.755;855.855;1222019;10:57;81.51;40.755;9.2
84810711692;3;1;1;57.22;2;5.722;120.162;1122019;17:13;114.44;5.722;8.3
74517113520;2;2;1;25.22;7;8.827;185.367;242019;10:23;176.54;8.827;8.2
26617616436;1;2;1;38.6;3;5.79;121.59;3282019;13:57;115.8;5.79;7.5
74012212500;3;1;1;84.05;3;126.075;2.647.575;1232019;13:29;252.15;126.075;9.8
27118818734;3;2;2;97.21;10;48.605;1.020.705;282019;13:00;972.1;48.605;8.7
30118118610;3;2;2;25.42;8;10.168;213.528;3192019;19:42;203.36;10.168;6.7
48916414354;2;1;2;16.28;1;0.814;17.094;392019;15:36;16.28;0.814;5
19818417132;3;2;2;40.61;9;182.745;3.837.645;122019;13:40;365.49;182.745;7
26911018440;2;2;1;53.17;7;186.095;3.907.995;1212019;18:01;372.19;186.095;8.9
65019816268;1;2;2;20.87;3;31.305;657.405;3202019;13:53;62.61;31.305;8
74117313559;2;1;1;67.27;5;168.175;3.531.675;2272019;17:27;336.35;168.175;6.9
32517716186;2;2;2;90.65;10;45.325;951.825;382019;10:53;906.5;45.325;7.3
28617517818;1;1;2;69.08;2;6.908;145.068;1312019;19:48;138.16;6.908;6.9
57415719721;2;1;1;43.27;2;4.327;90.867;382019;16:53;86.54;4.327;5.7
45915017686;3;1;2;23.46;6;7.038;147.798;1132019;19:14;140.76;7.038;6.4
61618710016;1;1;1;95.54;7;33.439;702.219;392019;14:36;668.78;33.439;9.6
83715517229;2;1;2;47.44;1;2.372;49.812;2222019;18:19;47.44;2.372;6.8
75116910068;2;1;2;99.24;9;44.658;937.818;3192019;19:09;893.16;44.658;9
25717311380;3;2;2;82.93;4;16.586;348.306;1202019;16:51;331.72;16.586;9.6
34510814992;3;1;2;33.99;6;10.197;214.137;382019;15:37;203.94;10.197;7.7
54919614200;1;2;1;17.04;4;3.408;71.568;382019;20:15;68.16;3.408;7
81016016344;3;1;2;40.86;8;16.344;343.224;272019;14:38;326.88;16.344;6.5
45012812866;3;2;1;17.44;5;4.36;91.56;1152019;19:25;87.2;4.36;8.1
39413013170;3;2;1;88.43;8;35.372;742.812;3222019;19:35;707.44;35.372;4.3
13811715109;2;2;2;89.21;9;401.445;8.430.345;1152019;15:42;802.89;401.445;6.5
19219817397;1;1;1;12.78;1;0.639;13.419;182019;14:11;12.78;0.639;9.5
30111119629;3;1;1;19.1;7;6.685;140.385;1152019;10:43;133.7;6.685;9.7
39018015128;1;2;2;19.15;1;0.9575;201.075;1282019;17:58;19.15;0.9575;9.5
23514618343;2;2;2;27.66;10;13.83;290.43;2142019;11:26;276.6;13.83;8.9
45311217053;3;1;1;45.74;3;6.861;144.081;3102019;17:38;137.22;6.861;6.5
29611117041;3;2;1;27.07;1;13.535;284.235;1122019;20:07;27.07;13.535;5.3
44912712918;2;2;1;39.12;1;1.956;41.076;3262019;11:02;39.12;1.956;9.6
89110117034;2;1;2;74.71;6;22.413;470.673;112019;19:07;448.26;22.413;6.7
74410915786;2;1;1;22.01;6;6.603;138.663;122019;18:50;132.06;6.603;7.6
72711710390;2;1;2;63.61;5;159.025;3.339.525;3162019;12:43;318.05;159.025;4.8
56818813448;1;1;2;25;1;1.25;26.25;332019;15:09;25;1.25;5.5
18718315490;1;2;1;20.77;4;4.154;87.234;1312019;13:47;83.08;4.154;4.7
76715411907;1;2;1;29.56;5;7.39;155.19;2132019;16:59;147.8;7.39;6.9
71014614433;2;2;2;77.4;9;34.83;731.43;2152019;14:15;696.6;34.83;4.5
53313315337;2;1;1;79.39;10;39.695;833.595;272019;20:24;793.9;39.695;6.2
32519018763;2;2;2;46.57;10;23.285;488.985;1272019;13:58;465.7;23.285;7.6
72914617422;3;1;2;35.89;1;17.945;376.845;2232019;16:52;35.89;17.945;7.9
63917611242;3;1;1;40.52;5;10.13;212.73;232019;15:19;202.6;10.13;4.5
23410314040;3;2;1;73.05;10;36.525;767.025;332019;12:25;730.5;36.525;8.7
32617112155;2;1;1;73.95;4;14.79;310.59;232019;10:02;295.8;14.79;6.1
32013218842;3;2;2;22.62;1;1.131;23.751;3172019;18:58;22.62;1.131;6.4
47013219057;3;2;1;51.34;5;12.835;269.535;3282019;15:31;256.7;12.835;9.1
87813012331;1;2;1;54.55;10;27.275;572.775;322019;11:22;545.5;27.275;7.1
44015915691;3;2;2;37.15;7;130.025;2.730.525;282019;13:12;260.05;130.025;7.7
55415313790;3;1;2;37.02;6;11.106;233.226;3222019;18:33;222.12;11.106;4.5
74611910921;2;1;1;21.58;1;1.079;22.659;292019;10:02;21.58;1.079;7.2
23313410817;3;2;1;98.84;1;4.942;103.782;2152019;11:21;98.84;4.942;8.4
76710511286;3;2;1;83.77;6;25.131;527.751;1232019;12:10;502.62;25.131;5.4
34012119136;3;2;2;40.05;4;8.01;168.21;1252019;11:40;160.2;8.01;9.7
40513113305;1;2;2;43.13;10;21.565;452.865;222019;18:31;431.3;21.565;5.5
73115917531;1;2;1;72.57;8;29.028;609.588;3302019;17:58;580.56;29.028;4.6
67613916028;2;2;2;64.44;5;16.11;338.31;3302019;17:04;322.2;16.11;6.6
50210511910;1;1;1;65.18;3;9.777;205.317;2252019;20:35;195.54;9.777;6.3
48513018700;1;1;2;33.26;5;8.315;174.615;3182019;16:10;166.3;8.315;4.2
59814719715;1;1;2;84.07;4;16.814;353.094;372019;16:54;336.28;16.814;4.4
70116918742;3;1;2;34.37;10;17.185;360.885;3162019;10:11;343.7;17.185;6.7
57516711508;2;1;2;38.6;1;1.93;40.53;1292019;11:26;38.6;1.93;6.7
54110813113;1;1;1;65.97;8;26.388;554.148;222019;20:29;527.76;26.388;8.4
24611113901;3;1;2;32.8;10;16.4;344.4;2152019;12:12;328;16.4;6.2
67411519296;3;1;2;37.14;5;9.285;194.985;182019;13:05;185.7;9.285;5
30511813552;1;2;1;60.38;10;30.19;633.99;2122019;16:19;603.8;30.19;6
49316516248;2;2;1;36.98;10;18.49;388.29;112019;19:48;369.8;18.49;7
43810114015;3;2;1;49.49;4;9.898;207.858;3212019;15:25;197.96;9.898;6.6
70915814068;2;1;2;41.09;10;20.545;431.445;2282019;14:42;410.9;20.545;7.3
79514917276;2;1;2;37.15;4;7.43;156.03;3232019;18:59;148.6;7.43;8.3
55617218512;1;1;1;22.96;1;1.148;24.108;1302019;20:47;22.96;1.148;4.3
62719513243;3;2;1;77.68;9;34.956;734.076;242019;13:21;699.12;34.956;9.8
68614110932;2;1;1;34.7;2;3.47;72.87;3132019;19:48;69.4;3.47;8.2
51010915628;2;2;1;19.66;10;9.83;206.43;3152019;18:20;196.6;9.83;7.2
60810413797;1;2;1;25.32;8;10.128;212.688;352019;20:24;202.56;10.128;8.7
14818212527;2;2;2;12.12;10;6.06;127.26;352019;13:44;121.2;6.06;8.4
43715313084;3;1;2;99.89;2;9.989;209.769;2262019;11:48;199.78;9.989;7.1
63213214574;2;1;1;75.92;8;30.368;637.728;3202019;14:14;607.36;30.368;5.5
55619717101;2;1;1;63.22;2;6.322;132.762;112019;15:51;126.44;6.322;8.5
86215918517;3;1;1;90.24;6;27.072;568.512;1272019;11:17;541.44;27.072;6.2
40111818016;3;2;1;98.13;1;49.065;1.030.365;1212019;17:36;98.13;49.065;8.9
42011818989;2;2;2;51.52;8;20.608;432.768;222019;15:47;412.16;20.608;9.6
27716312961;1;2;1;73.97;1;36.985;776.685;232019;15:53;73.97;36.985;5.4
57319818548;2;2;2;31.9;1;1.595;33.495;152019;12:40;31.9;1.595;9.1
62010212046;3;1;1;69.4;2;6.94;145.74;1272019;19:48;138.8;6.94;9
28213512475;3;1;2;93.31;2;9.331;195.951;3252019;17:53;186.62;9.331;6.3
51115413087;2;1;2;88.45;1;44.225;928.725;2252019;16:36;88.45;44.225;9.5
72612916793;2;2;1;24.18;8;9.672;203.112;1282019;20:54;193.44;9.672;9.8
38714914215;1;2;1;48.5;3;7.275;152.775;182019;12:50;145.5;7.275;6.7
86211719201;2;1;2;84.05;6;25.215;529.515;1292019;10:48;504.3;25.215;7.7
29112115991;2;2;1;61.29;5;153.225;3.217.725;3292019;14:28;306.45;153.225;7
60218019671;2;2;1;15.95;6;4.785;100.485;292019;17:15;95.7;4.785;5.1
34717216115;3;2;1;90.74;7;31.759;666.939;1162019;18:03;635.18;31.759;6.2
20916110206;2;1;1;42.91;5;107.275;2.252.775;152019;17:29;214.55;107.275;6.1
59512714851;1;1;2;54.28;7;18.998;398.958;1272019;18:05;379.96;18.998;9.3
18915210236;1;1;2;99.55;7;348.425;7.316.925;3142019;12:07;696.85;348.425;7.6
50310710930;1;2;1;58.39;7;204.365;4.291.665;2232019;19:49;408.73;204.365;8.2
41312016708;3;2;2;51.47;1;25.735;540.435;3182019;15:52;51.47;25.735;8.5
42518512085;3;2;2;54.86;5;13.715;288.015;3292019;16:48;274.3;13.715;9.8
52111817827;2;2;2;39.39;5;98.475;2.067.975;1222019;20:46;196.95;98.475;8.7
22012811851;3;1;2;34.73;2;3.473;72.933;312019;18:14;69.46;3.473;9.7
60013819738;1;2;1;71.92;5;17.98;377.58;1172019;15:05;359.6;17.98;4.3
73419111155;3;1;1;45.71;3;68.565;1.439.865;3262019;10:34;137.13;68.565;7.7
45112815717;2;2;1;83.17;6;24.951;523.971;3202019;11:23;499.02;24.951;7.3
60918118548;3;2;2;37.44;6;11.232;235.872;262019;13:55;224.64;11.232;5.9
13311417229;1;1;2;62.87;2;6.287;132.027;112019;11:43;125.74;6.287;5
53410114457;3;1;1;81.71;6;24.513;514.773;1272019;14:36;490.26;24.513;8
71918918991;1;2;2;91.41;5;228.525;4.799.025;2252019;16:03;457.05;228.525;7.1
28616216248;1;1;2;39.21;4;7.842;164.682;1162019;20:03;156.84;7.842;9
33913819982;2;2;1;59.86;2;5.986;125.706;1132019;14:55;119.72;5.986;6.7
82714415872;2;2;2;54.36;10;27.18;570.78;272019;11:28;543.6;27.18;6.1
82717717633;2;1;2;98.09;9;441.405;9.269.505;2172019;19:41;882.81;441.405;9.3
28718311405;1;1;2;25.43;6;7.629;160.209;2122019;19:01;152.58;7.629;7
43511314908;1;2;2;86.68;8;34.672;728.112;1242019;18:04;693.44;34.672;7.2
85716719057;1;1;1;22.95;10;11.475;240.975;262019;19:20;229.5;11.475;8.2
23612711144;2;1;1;16.31;9;73.395;1.541.295;3262019;10:31;146.79;73.395;8.4
89210516689;3;1;2;28.32;5;7.08;148.68;3112019;13:28;141.6;7.08;6.2
58314114548;1;1;1;16.67;7;58.345;1.225.245;272019;11:36;116.69;58.345;7.4
33911214827;3;2;2;73.96;1;3.698;77.658;152019;11:32;73.96;3.698;5
64313817867;2;1;1;97.94;1;4.897;102.837;372019;11:44;97.94;4.897;6.9
30818110538;1;1;1;73.05;4;14.61;306.81;2252019;17:16;292.2;14.61;4.9
35818819262;1;2;2;87.48;6;26.244;551.124;212019;18:43;524.88;26.244;5.1
46013514390;3;1;2;30.68;3;4.602;96.642;1222019;11:00;92.04;4.602;9.1
34318710864;1;2;1;75.88;1;3.794;79.674;132019;10:30;75.88;3.794;7.1
17315011108;3;2;2;20.18;4;4.036;84.756;2132019;12:14;80.72;4.036;5
24314712663;2;2;1;18.77;6;5.631;118.251;1282019;16:43;112.62;5.631;5.5
84111818232;3;1;2;71.2;1;3.56;74.76;152019;20:40;71.2;3.56;9.2
70112315550;2;2;1;38.81;4;7.762;163.002;3192019;13:40;155.24;7.762;4.9
64715011224;2;1;2;29.42;10;14.71;308.91;1122019;16:23;294.2;14.71;8.9
54114818554;1;1;1;60.95;9;274.275;5.759.775;172019;12:08;548.55;274.275;6
53912117227;1;1;1;51.54;5;12.885;270.585;1262019;17:45;257.7;12.885;4.2
21313211216;2;1;2;66.06;6;19.818;416.178;1232019;10:28;396.36;19.818;7.3
74715817183;1;1;1;57.27;3;85.905;1.804.005;292019;20:31;171.81;85.905;6.5
58215218065;2;1;1;54.31;9;244.395;5.132.295;2222019;10:49;488.79;244.395;8.9
21015711719;2;1;2;58.24;9;26.208;550.368;252019;12:34;524.16;26.208;9.7
39916914630;2;1;2;22.21;6;6.663;139.923;372019;10:23;133.26;6.663;8.6
13417512619;3;2;2;19.32;7;6.762;142.002;3252019;18:51;135.24;6.762;6.9
35614418813;1;1;1;37.48;3;5.622;118.062;1202019;13:45;112.44;5.622;7.7
19816619832;2;2;1;72.04;2;7.204;151.284;242019;19:38;144.08;7.204;9.5
28312615248;2;2;2;98.52;10;49.26;1034.46;1302019;20:23;985.2;49.26;4.5
71213910363;3;2;1;41.66;6;12.498;262.458;122019;15:24;249.96;12.498;5.6
21815919410;1;2;2;72.42;3;10.863;228.123;3292019;16:54;217.26;10.863;8.2
17417510888;1;1;2;21.58;9;9.711;203.931;3142019;12:32;194.22;9.711;7.3
86619917614;2;1;1;89.2;10;44.6;936.6;2112019;15:42;892;44.6;4.4
13415414720;3;1;2;42.42;8;16.968;356.328;1302019;13:58;339.36;16.968;5.7
76019012357;2;2;2;74.51;6;22.353;469.413;3202019;15:08;447.06;22.353;5
51413712845;1;1;1;99.25;2;9.925;208.425;3202019;13:02;198.5;9.925;9
69819815964;2;1;1;81.21;10;40.605;852.705;1172019;13:01;812.1;40.605;6.3
71815719773;1;1;1;49.33;10;24.665;517.965;232019;16:40;493.3;24.665;9.4
65118817328;3;1;1;65.74;9;29.583;621.243;112019;13:55;591.66;29.583;7.7
24111112261;1;1;1;79.86;7;27.951;586.971;1102019;10:33;559.02;27.951;5.5
40812619866;2;1;1;73.98;7;25.893;543.753;322019;16:42;517.86;25.893;4.1
83418311826;3;2;2;82.04;5;20.51;430.71;2252019;17:16;410.2;20.51;7.6
34316113544;2;2;2;26.67;10;13.335;280.035;1292019;11:48;266.7;13.335;8.6
23914814278;2;2;2;10.13;7;35.455;744.555;3102019;19:35;70.91;35.455;8.3
35513416244;1;1;2;72.39;2;7.239;152.019;1132019;19:55;144.78;7.239;8.1
55018418664;2;1;2;85.91;5;214.775;4.510.275;3222019;14:33;429.55;214.775;8.6
33919618318;1;2;2;81.31;7;284.585;5.976.285;312019;19:49;569.17;284.585;6.3
45816110011;2;1;2;60.3;4;12.06;253.26;2202019;18:43;241.2;12.06;5.8
59213416155;2;1;1;31.77;4;6.354;133.434;1142019;14:43;127.08;6.354;6.2
79718810493;3;1;2;64.27;4;12.854;269.934;3262019;13:54;257.08;12.854;7.7
20717311363;1;1;2;69.51;2;6.951;145.971;312019;12:15;139.02;6.951;8.1
39013116381;2;1;1;27.22;3;4.083;85.743;172019;12:37;81.66;4.083;7.3
44318210585;3;2;1;77.68;4;15.536;326.256;212019;19:54;310.72;15.536;8.4
33911817061;1;2;1;92.98;2;9.298;195.258;2132019;15:06;185.96;9.298;8
35919013665;3;2;2;18.08;4;3.616;75.936;1142019;18:03;72.32;3.616;9.5
37517213056;2;1;2;63.06;3;9.459;198.639;1192019;15:58;189.18;9.459;7
12714716963;2;1;1;51.71;4;10.342;217.182;392019;13:53;206.84;10.342;9.8
27818612735;1;1;1;52.34;3;7.851;164.871;3272019;14:03;157.02;7.851;9.2
69512816250;1;1;2;43.06;5;10.765;226.065;242019;16:38;215.3;10.765;7.7
37911716588;1;1;2;59.61;10;29.805;625.905;3142019;11:07;596.1;29.805;5.3
22715013718;3;1;2;14.62;5;3.655;76.755;342019;12:23;73.1;3.655;4.4
30211512162;1;2;1;46.53;6;13.959;293.139;332019;10:54;279.18;13.959;4.3
78810718452;3;2;1;24.24;7;8.484;178.164;1272019;17:38;169.68;8.484;9.4
56014916611;3;2;1;45.58;1;2.279;47.859;272019;14:13;45.58;2.279;9.8
88013510356;1;2;2;75.2;3;11.28;236.88;252019;11:51;225.6;11.28;4.8
58511116748;1;2;2;96.8;3;14.52;304.92;3152019;13:05;290.4;14.52;5.3
47013113286;2;1;2;14.82;3;2.223;46.683;312019;11:30;44.46;2.223;8.7
15216812907;2;1;1;52.2;3;7.83;164.43;2152019;13:30;156.6;7.83;9.5
12313514896;1;1;1;46.66;9;20.997;440.937;2172019;19:11;419.94;20.997;5.3
25816917810;3;1;1;36.85;5;92.125;1.934.625;1262019;18:53;184.25;92.125;9.2
33416412006;3;2;2;70.32;2;7.032;147.672;3242019;14:22;140.64;7.032;9.6
21916114139;1;1;1;83.08;1;4.154;87.234;1232019;17:16;83.08;4.154;6.4
88114117302;3;1;2;64.99;1;32.495;682.395;1262019;10:06;64.99;32.495;4.5
37310914567;3;1;1;77.56;10;38.78;814.38;3142019;20:35;775.6;38.78;6.9
64213016693;3;1;1;54.51;6;16.353;343.413;3172019;13:54;327.06;16.353;7.8
48412218230;2;2;2;51.89;7;181.615;3.813.915;182019;20:08;363.23;181.615;4.5
83015812383;3;1;1;31.75;4;6.35;133.35;282019;15:26;127;6.35;8.6
55919819873;2;2;1;53.65;7;187.775;3.943.275;2102019;12:56;375.55;187.775;5.2
54413215024;1;2;2;49.79;4;9.958;209.118;3282019;19:16;199.16;9.958;6.4
31811210304;3;1;2;30.61;1;15.305;321.405;1232019;12:20;30.61;15.305;5.2
34919718902;1;2;1;57.89;2;5.789;121.569;1172019;10:37;115.78;5.789;8.9
42119519805;2;1;1;28.96;1;1.448;30.408;272019;10:18;28.96;1.448;6.2
27713515865;1;2;2;98.97;9;445.365;9.352.665;392019;11:23;890.73;445.365;6.7
78912318625;3;2;2;93.22;3;13.983;293.643;1242019;11:45;279.66;13.983;7.2
28415414231;2;2;2;80.93;1;40.465;849.765;1192019;16:08;80.93;40.465;9
44315910061;3;2;1;67.45;10;33.725;708.225;232019;11:25;674.5;33.725;4.2
50912913912;1;2;2;38.72;9;17.424;365.904;3202019;12:24;348.48;17.424;4.2
32714019673;1;2;2;72.6;6;21.78;457.38;1132019;19:51;435.6;21.78;6.9
84011912096;2;2;2;87.91;5;219.775;4.615.275;3142019;18:10;439.55;219.775;4.4
82814616863;3;2;1;98.53;6;29.559;620.739;1232019;11:22;591.18;29.559;4
64119613695;1;2;1;43.46;6;13.038;273.798;272019;17:55;260.76;13.038;8.5
42019713340;3;1;1;71.68;3;10.752;225.792;3282019;15:30;215.04;10.752;9.2
43615414512;1;2;1;91.61;1;45.805;961.905;3202019;19:44;91.61;45.805;9.8
67017916321;1;2;1;94.59;7;331.065;6.952.365;1172019;15:27;662.13;331.065;4.9
85216217105;2;1;2;83.25;10;41.625;874.125;1122019;11:25;832.5;41.625;4.4
59810617312;2;2;1;91.35;1;45.675;959.175;2162019;15:42;91.35;45.675;6.8
13511318269;2;2;2;78.88;2;7.888;165.648;1262019;16:04;157.76;7.888;9.1
81615712053;2;1;2;60.87;2;6.087;127.827;392019;12:37;121.74;6.087;8.7
62819018624;1;2;2;82.58;10;41.29;867.09;3142019;14:41;825.8;41.29;5
85616612701;2;2;1;53.3;3;7.995;167.895;1252019;14:19;159.9;7.995;7.5
30813911707;1;1;2;12.09;1;0.6045;126.945;1262019;18:19;12.09;0.6045;8.2
14916111929;1;1;2;64.19;10;32.095;673.995;1192019;14:08;641.9;32.095;6.7
65510712265;1;1;2;78.31;3;117.465;2.466.765;352019;16:38;234.93;117.465;5.4
58910218023;1;2;2;83.77;2;8.377;175.917;1152019;10:54;167.54;8.377;7
42010417590;1;1;2;99.7;3;14.955;314.055;3182019;11:29;299.1;14.955;4.7
18218812763;2;2;2;79.91;3;119.865;2.517.165;3202019;19:28;239.73;119.865;5
18815510967;2;2;2;66.47;10;33.235;697.935;1152019;15:01;664.7;33.235;5
61014614100;2;1;1;28.95;7;101.325;2.127.825;332019;20:31;202.65;101.325;6
31818112368;1;1;1;46.2;1;2.31;48.51;3192019;12:16;46.2;2.31;6.3
36413318584;3;2;2;17.63;5;44.075;925.575;382019;15:27;88.15;44.075;8.5
66516319737;2;1;1;52.42;3;7.863;165.123;2272019;17:36;157.26;7.863;7.5
69510915146;2;2;1;98.79;3;148.185;3.111.885;2232019;20:00;296.37;148.185;6.4
15514513814;2;2;2;88.55;8;35.42;743.82;3192019;15:29;708.4;35.42;4.7
79413212436;3;2;1;55.67;2;5.567;116.907;3272019;15:08;111.34;5.567;6
13111518856;2;2;2;72.52;8;29.008;609.168;3302019;19:26;580.16;29.008;4
27318412164;3;2;2;12.05;5;30.125;632.625;2162019;15:53;60.25;30.125;5.5
70613616154;3;2;2;19.36;9;8.712;182.952;1182019;18:43;174.24;8.712;8.7
77818917974;1;1;2;70.21;6;21.063;442.323;3302019;14:58;421.26;21.063;7.4
57413118277;3;2;1;33.63;1;16.815;353.115;3202019;19:55;33.63;16.815;5.6
85917110933;2;2;2;15.49;2;1.549;32.529;1162019;15:10;30.98;1.549;6.3
74011115257;3;1;2;24.74;10;12.37;259.77;2242019;16:44;247.4;12.37;7.1
36918212676;3;1;1;75.66;5;18.915;397.215;1152019;18:22;378.3;18.915;7.8
56314714072;2;1;2;55.81;6;16.743;351.603;1222019;11:52;334.86;16.743;9.9
74210415161;2;2;2;72.78;10;36.39;764.19;232019;17:24;727.8;36.39;7.3
14911517606;1;2;2;37.32;9;16.794;352.674;362019;15:31;335.88;16.794;5.1
13317713154;2;2;1;60.18;4;12.036;252.756;2162019;18:04;240.72;12.036;9.4
16915214504;2;1;1;15.69;3;23.535;494.235;3142019;14:13;47.07;23.535;5.8
25018117186;1;1;1;99.69;1;49.845;1.046.745;2272019;10:23;99.69;49.845;8
56211215430;3;2;1;88.15;3;132.225;2.776.725;1182019;10:11;264.45;132.225;7.9
81617218853;1;2;2;27.93;5;69.825;1.466.325;1292019;15:48;139.65;69.825;5.9
49113813499;1;2;1;55.45;1;27.725;582.225;2262019;17:46;55.45;27.725;4.9
32210212271;1;1;2;42.97;3;64.455;1.353.555;232019;11:46;128.91;64.455;9.3
84212914695;2;2;1;17.14;7;5.999;125.979;1162019;12:07;119.98;5.999;7.9
72516712480;3;2;1;58.75;6;17.625;370.125;3242019;18:14;352.5;17.625;5.9
64115112661;2;2;1;87.1;10;43.55;914.55;2122019;14:45;871;43.55;9.9
71410213114;3;1;1;98.8;2;9.88;207.48;2212019;11:39;197.6;9.88;7.7
51811712983;3;1;2;48.63;4;9.726;204.246;242019;15:44;194.52;9.726;7.6
77914212410;1;2;1;57.74;3;8.661;181.881;2202019;13:06;173.22;8.661;7.7
19011413147;2;1;1;17.97;4;3.594;75.474;2232019;20:43;71.88;3.594;6.4
40816616712;2;2;1;47.71;6;14.313;300.573;2162019;14:19;286.26;14.313;4.4
67912216530;3;1;2;40.62;2;4.062;85.302;1172019;10:01;81.24;4.062;4.1
58814718641;2;2;2;56.04;10;28.02;588.42;1142019;19:30;560.4;28.02;4.4
64216114706;1;2;1;93.4;2;9.34;196.14;3302019;16:34;186.8;9.34;5.5
57613114774;2;1;2;73.41;3;110.115;2.312.415;322019;13:10;220.23;110.115;4
55614116224;2;1;1;33.64;8;13.456;282.576;2152019;17:10;269.12;13.456;9.3
81110318790;3;1;2;45.48;10;22.74;477.54;312019;10:22;454.8;22.74;4.8
24211113142;1;2;1;83.77;2;8.377;175.917;2242019;19:57;167.54;8.377;4.6
75212313760;2;2;1;64.08;7;22.428;470.988;2192019;19:29;448.56;22.428;7.3
27410515470;2;2;2;73.47;4;14.694;308.574;2232019;18:30;293.88;14.694;6
64819413045;1;1;2;58.95;10;29.475;618.975;272019;14:27;589.5;29.475;8.1
13016714723;3;2;1;48.5;6;14.55;305.55;1112019;13:57;291;14.55;9.4
52818715606;1;2;1;39.48;1;1.974;41.454;2122019;19:43;39.48;1.974;6.5
32018512052;2;1;1;34.81;1;17.405;365.505;1142019;10:11;34.81;17.405;7
37019610655;2;1;2;49.32;6;14.796;310.716;192019;13:46;295.92;14.796;7.1
10511016182;3;2;1;21.48;2;2.148;45.108;2272019;12:22;42.96;2.148;6.6
51017910415;1;2;1;23.08;6;6.924;145.404;1242019;19:20;138.48;6.924;4.9
24119615076;2;2;1;49.1;2;4.91;103.11;182019;12:58;98.2;4.91;6.4
76719714650;2;2;2;64.83;2;6.483;136.143;182019;11:59;129.66;6.483;8
64818311321;2;2;2;63.56;10;31.78;667.38;1162019;17:59;635.6;31.78;4.3
17315712300;1;2;1;72.88;2;7.288;153.048;3132019;12:51;145.76;7.288;6.1
30510312383;3;1;1;67.1;3;10.065;211.365;2152019;10:36;201.3;10.065;7.5
39415516384;1;2;2;70.19;9;315.855;6.632.955;1252019;13:38;631.71;315.855;6.7
26612016657;3;2;2;55.04;7;19.264;404.544;3122019;19:39;385.28;19.264;5.2
68910511884;3;2;1;48.63;10;24.315;510.615;342019;12:44;486.3;24.315;8.8
19610112849;1;2;1;73.38;7;25.683;539.343;2102019;13:56;513.66;25.683;9.5
37216215264;3;1;1;52.6;9;23.67;497.07;1162019;14:42;473.4;23.67;7.6
80010918606;3;2;1;87.37;5;218.425;4.586.925;1292019;19:45;436.85;218.425;6.6
18215217000;1;2;2;27.04;4;5.408;113.568;112019;20:26;108.16;5.408;6.9
82615818051;1;1;2;62.19;4;12.438;261.198;162019;19:46;248.76;12.438;4.3
86810610466;2;2;2;69.58;9;31.311;657.531;2192019;19:38;626.22;31.311;7.8
75114119720;1;1;1;97.5;10;48.75;1023.75;1122019;16:18;975;48.75;8
62614317888;3;1;2;60.41;8;24.164;507.444;272019;12:23;483.28;24.164;9.6
17616417711;3;1;1;32.32;3;4.848;101.808;3272019;19:11;96.96;4.848;4.3
19112910321;2;2;2;19.77;10;9.885;207.585;2272019;18:57;197.7;9.885;5
72910612010;2;2;1;80.47;9;362.115;7.604.415;162019;11:18;724.23;362.115;9.2
64014815028;2;2;2;88.39;9;397.755;8.352.855;322019;12:40;795.51;397.755;6.3
18617919562;2;1;1;71.77;7;251.195;5.275.095;3292019;14:06;502.39;251.195;8.9
83414515519;2;1;2;43;4;8.6;180.6;1312019;20:48;172;8.6;7.6
16216518559;2;2;2;68.98;1;3.449;72.429;1212019;20:13;68.98;3.449;4.8
76012715490;3;1;2;15.62;8;6.248;131.208;1202019;20:37;124.96;6.248;9.1
44513019252;3;1;2;25.7;3;3.855;80.955;1172019;17:59;77.1;3.855;6.1
78619412700;1;2;1;80.62;6;24.186;507.906;2282019;20:18;483.72;24.186;9.1
72818817867;1;2;1;75.53;4;15.106;317.226;3192019;15:52;302.12;15.106;8.3
18312113799;3;1;1;77.63;9;349.335;7.336.035;2192019;15:14;698.67;349.335;7.2
26812013585;3;1;2;13.85;9;62.325;1.308.825;242019;12:50;124.65;62.325;6
73513219839;3;2;1;98.7;8;39.48;829.08;1312019;10:36;789.6;39.48;8.5
25819217466;3;1;1;35.68;5;8.92;187.32;262019;18:33;178.4;8.92;6.6
85711613520;1;2;2;71.46;7;25.011;525.231;3282019;16:06;500.22;25.011;4.5
48211711179;1;2;2;11.94;3;1.791;37.611;1192019;12:47;35.82;1.791;8.1
78812115741;1;1;1;45.38;3;6.807;142.947;2172019;13:34;136.14;6.807;7.2
82111419046;1;2;1;17.48;6;5.244;110.124;1182019;15:04;104.88;5.244;6.1
41810510656;2;1;1;25.56;7;8.946;187.866;222019;20:42;178.92;8.946;7.1
67817910726;2;2;2;90.63;9;407.835;8.564.535;1182019;15:28;815.67;407.835;5.1
77616811096;3;1;1;44.12;3;6.618;138.978;3182019;13:45;132.36;6.618;7.9
59214611692;2;2;2;36.77;7;128.695;2.702.595;1112019;20:10;257.39;128.695;7.4
43413519162;3;2;1;23.34;4;4.668;98.028;242019;18:53;93.36;4.668;7.4
14911410304;2;2;2;28.5;8;11.4;239.4;262019;14:24;228;11.4;6.6
44214416497;3;2;2;55.57;3;83.355;1.750.455;182019;11:42;166.71;83.355;5.9
17416410215;3;1;2;69.74;10;34.87;732.27;352019;17:49;697.4;34.87;8.9
21017419613;2;1;1;97.26;4;19.452;408.492;3162019;15:33;389.04;19.452;6.8
29912910180;3;2;1;52.18;7;18.263;383.523;392019;10:54;365.26;18.263;9.3
24711112470;2;2;2;22.32;4;4.464;93.744;312019;16:23;89.28;4.464;4.4
63512815728;1;1;2;56;3;8.4;176.4;2282019;19:33;168;8.4;4.8
75614910168;1;2;2;19.7;1;0.985;20.685;282019;11:39;19.7;0.985;9.5
43812311242;1;1;2;75.88;7;26.558;557.718;1242019;10:38;531.16;26.558;8.9
23814516950;2;2;2;53.72;1;2.686;56.406;312019;20:03;53.72;2.686;6.4
60716512441;2;2;1;81.95;10;40.975;860.475;3102019;12:39;819.5;40.975;6
38612717606;3;2;2;81.2;7;28.42;596.82;3232019;15:59;568.4;28.42;8.1
13716315492;3;1;2;58.76;10;29.38;616.98;1292019;14:26;587.6;29.38;9
19717717132;3;2;2;91.56;8;36.624;769.104;1122019;18:22;732.48;36.624;6
80518610265;2;1;2;93.96;9;42.282;887.922;3202019;11:32;845.64;42.282;9.8
73312911227;1;1;2;55.61;7;194.635;4.087.335;3232019;12:41;389.27;194.635;8.5
45117312711;3;1;1;84.83;1;42.415;890.715;1142019;15:20;84.83;42.415;8.8
37311410504;3;2;2;71.63;2;7.163;150.423;2122019;14:33;143.26;7.163;8.8
54618012899;1;2;1;37.69;2;3.769;79.149;2202019;15:29;75.38;3.769;9.5
34516819016;1;2;1;31.67;8;12.668;266.028;122019;16:19;253.36;12.668;5.6
39011715806;3;2;2;38.42;1;1.921;40.341;222019;16:33;38.42;1.921;8.6
45711311708;3;2;1;65.23;10;32.615;684.915;182019;19:07;652.3;32.615;5.2
66411412882;2;2;1;10.53;5;26.325;552.825;1302019;14:43;52.65;26.325;5.8
48717916868;3;2;2;12.29;9;55.305;1.161.405;3262019;19:28;110.61;55.305;8
31412314520;2;2;1;81.23;7;284.305;5.970.405;1152019;20:44;568.61;284.305;9
21013017976;3;2;1;22.32;4;4.464;93.744;3142019;11:16;89.28;4.464;4.1
58518618361;2;1;1;27.28;5;6.82;143.22;232019;10:31;136.4;6.82;8.6
80711417833;1;2;2;17.42;10;8.71;182.91;2222019;12:30;174.2;8.71;7
77517211988;1;1;1;73.28;5;18.32;384.72;1242019;15:05;366.4;18.32;8.4
28813813758;2;2;1;84.87;3;127.305;2.673.405;1252019;18:30;254.61;127.305;7.4
65214316591;3;1;1;97.29;8;38.916;817.236;392019;13:18;778.32;38.916;6.2
78519610615;1;2;1;35.74;8;14.296;300.216;2172019;15:28;285.92;14.296;4.9
40614617107;2;1;2;96.52;6;28.956;608.076;1112019;11:52;579.12;28.956;4.5
25011715703;1;2;1;18.85;10;9.425;197.925;2272019;18:24;188.5;9.425;5.6
15619513964;1;1;1;55.39;4;11.078;232.638;3252019;15:19;221.56;11.078;8
84214018179;1;2;2;77.2;10;38.6;810.6;2112019;10:38;772;38.6;5.6
52510918450;2;1;1;72.13;10;36.065;757.365;1312019;15:12;721.3;36.065;4.2
41016711709;2;2;1;63.88;8;25.552;536.592;1202019;17:48;511.04;25.552;9.9
58717314862;1;2;2;10.69;5;26.725;561.225;3262019;11:07;53.45;26.725;7.6
78718712010;1;2;1;55.5;4;11.1;233.1;1202019;15:48;222;11.1;6.6
59311414239;1;1;1;95.46;8;38.184;801.864;352019;19:40;763.68;38.184;4.7
80118810346;2;1;2;76.06;3;11.409;239.589;152019;20:30;228.18;11.409;9.8
38817612555;3;1;1;13.69;6;4.107;86.247;2132019;13:59;82.14;4.107;6.3
71113111234;2;1;1;95.64;4;19.128;401.688;3162019;18:51;382.56;19.128;7.9
88615416089;2;1;1;11.43;6;3.429;72.009;1152019;17:24;68.58;3.429;7.7
70713217409;1;2;1;95.54;4;19.108;401.268;2262019;11:58;382.16;19.108;4.5
75919814285;2;2;1;85.87;7;300.545;6.311.445;2272019;19:01;601.09;300.545;8
20116318275;3;2;1;67.99;7;237.965;4.997.265;2172019;16:50;475.93;237.965;5.7
47110618611;3;1;2;52.42;1;2.621;55.041;262019;10:22;52.42;2.621;6.3
20011615952;3;2;1;65.65;2;6.565;137.865;1172019;16:46;131.3;6.565;6
12015412248;3;1;2;28.86;5;7.215;151.515;1222019;18:08;144.3;7.215;8
10217712261;2;2;2;65.31;7;228.585;4.800.285;352019;18:02;457.17;228.585;4.2
87513118302;3;1;2;93.38;1;4.669;98.049;132019;13:07;93.38;4.669;9.6
10210612002;2;2;2;25.25;5;63.125;1.325.625;3202019;17:52;126.25;63.125;6.1
45719410464;3;2;2;87.87;9;395.415;8.303.715;1312019;20:32;790.83;395.415;5.6
62914214133;2;1;1;21.8;8;8.72;183.12;2192019;19:24;174.4;8.72;8.3
53415313526;3;1;1;94.76;4;18.952;397.992;2112019;16:06;379.04;18.952;7.8
30710412070;1;2;1;30.62;1;1.531;32.151;252019;14:14;30.62;1.531;4.1
46819917231;1;1;1;44.01;8;17.604;369.684;332019;17:36;352.08;17.604;8.8
51617716464;3;2;2;10.16;5;2.54;53.34;2242019;13:08;50.8;2.54;4.1
40419115964;3;1;2;74.58;7;26.103;548.163;242019;16:09;522.06;26.103;9
88617719084;1;1;1;71.89;8;28.756;603.876;2192019;11:33;575.12;28.756;5.5
79013814466;3;1;2;10.99;5;27.475;576.975;1232019;10:18;54.95;27.475;9.3
70411014056;3;2;2;60.47;3;90.705;1.904.805;1142019;10:55;181.41;90.705;5.6
49713716538;3;1;2;58.91;7;206.185;4.329.885;1172019;15:15;412.37;206.185;9.7
65119615970;1;1;2;46.41;1;23.205;487.305;332019;20:06;46.41;23.205;4
40018014065;1;2;1;68.55;4;13.71;287.91;2152019;20:21;274.2;13.71;9.2
74411617898;3;1;2;97.37;10;48.685;1.022.385;1152019;13:48;973.7;48.685;4.9
26311215321;2;2;1;92.6;7;32.41;680.61;2272019;12:52;648.2;32.41;9.3
70217210487;1;1;2;46.61;2;4.661;97.881;2262019;12:28;93.22;4.661;6.6
60518311050;1;1;1;27.18;2;2.718;57.078;3152019;16:26;54.36;2.718;4.3
44316019639;2;2;1;60.87;1;30.435;639.135;1242019;13:24;60.87;30.435;5.5
86412417918;3;2;2;24.49;10;12.245;257.145;2222019;15:15;244.9;12.245;8.1
35919415395;1;1;2;92.78;1;4.639;97.419;3152019;10:50;92.78;4.639;9.8
40110914232;2;2;2;86.69;5;216.725;4.551.225;2112019;18:38;433.45;216.725;9.4
75111516198;3;1;1;23.01;6;6.903;144.963;1122019;16:45;138.06;6.903;7.9
32414116833;2;2;2;30.2;8;12.08;253.68;332019;19:30;241.6;12.08;5.1
47413318305;3;2;1;67.39;7;235.865;4.953.165;3232019;13:23;471.73;235.865;6.9
75912919521;3;2;1;48.96;9;22.032;462.672;342019;11:27;440.64;22.032;8
83118116575;1;2;1;75.59;9;340.155;7.143.255;2232019;11:12;680.31;340.155;8
22016816701;2;1;1;77.47;4;15.494;325.374;3172019;16:36;309.88;15.494;4.2
61813418551;1;1;1;93.18;2;9.318;195.678;1162019;18:41;186.36;9.318;8.5
25716017754;1;1;1;50.23;4;10.046;210.966;182019;17:12;200.92;10.046;9
55916115987;1;1;1;17.75;1;0.8875;186.375;1142019;10:38;17.75;0.8875;8.6
18915512313;2;1;2;62.18;10;31.09;652.89;1312019;10:33;621.8;31.09;6
56519114567;3;1;1;10.75;8;4.3;90.3;3152019;14:38;86;4.3;6.2
38016015336;2;1;1;40.26;10;20.13;422.73;2242019;18:06;402.6;20.13;5
81510416282;1;2;2;64.97;5;162.425;3.410.925;282019;12:52;324.85;162.425;6.5
67415616360;3;1;1;95.15;1;47.575;999.075;3222019;14:00;95.15;47.575;6
77813412523;1;2;1;48.62;8;19.448;408.408;1242019;10:57;388.96;19.448;5
49912717781;1;1;1;53.21;8;21.284;446.964;3142019;16:45;425.68;21.284;5
47715912456;2;1;2;45.44;7;15.904;333.984;1232019;11:15;318.08;15.904;9.2
83215116761;3;1;2;33.88;8;13.552;284.592;1192019;20:29;271.04;13.552;9.6
86911113082;1;2;2;96.16;4;19.232;403.872;1272019;20:03;384.64;19.232;8.4
19015913964;2;2;2;47.16;5;11.79;247.59;232019;14:35;235.8;11.79;6
36614316862;2;1;1;52.89;4;10.578;222.138;3252019;16:32;211.56;10.578;6.7
18614318965;2;2;2;47.68;2;4.768;100.128;2242019;10:10;95.36;4.768;4.1
78412119238;1;2;1;10.17;1;0.5085;106.785;272019;14:15;10.17;0.5085;5.9
27617516884;3;1;1;68.71;3;103.065;2.164.365;342019;10:05;206.13;103.065;8.7
10918614363;1;2;1;60.08;7;21.028;441.588;2142019;11:36;420.56;21.028;4.5
56917612760;2;2;1;22.01;4;4.402;92.442;1292019;18:15;88.04;4.402;6.6
22214210244;1;2;2;72.11;9;324.495;6.814.395;1282019;13:53;648.99;324.495;7.7
76015319233;2;2;2;41.28;3;6.192;130.032;3262019;18:37;123.84;6.192;8.5
53812210304;1;1;1;64.95;10;32.475;681.975;3242019;18:27;649.5;32.475;5.2
41611719926;3;2;2;74.22;10;37.11;779.31;112019;14:42;742.2;37.11;4.3
23714416163;1;1;2;10.56;8;4.224;88.704;1242019;17:43;84.48;4.224;7.6
63611710325;1;1;1;62.57;4;12.514;262.794;2252019;18:37;250.28;12.514;9.5
34317519322;2;2;2;11.85;8;4.74;99.54;192019;16:34;94.8;4.74;4.1
52811419470;2;2;1;91.3;1;4.565;95.865;2142019;14:42;91.3;4.565;9.2
42714519297;1;2;2;40.73;7;142.555;2.993.655;3122019;11:01;285.11;142.555;5.4
80713413742;2;1;2;52.38;1;2.619;54.999;3262019;19:44;52.38;2.619;5.8
28816211085;1;2;2;38.54;5;9.635;202.335;192019;13:34;192.7;9.635;5.6
67017117306;1;1;2;44.63;6;13.389;281.169;122019;20:08;267.78;13.389;5.1
66012917083;2;1;1;55.87;10;27.935;586.635;1152019;15:01;558.7;27.935;5.8
27117718740;3;2;2;29.22;6;8.766;184.086;112019;11:40;175.32;8.766;5
49713610989;3;1;2;51.94;3;7.791;163.611;2152019;15:21;155.82;7.791;7.9
29115911384;1;1;1;60.3;1;3.015;63.315;2282019;17:38;60.3;3.015;6
86017316466;2;2;1;39.47;2;3.947;82.887;322019;16:16;78.94;3.947;5
54912319016;1;2;2;14.87;2;1.487;31.227;2132019;18:15;29.74;1.487;8.9
89613410956;3;1;2;21.32;1;1.066;22.386;1262019;12:43;21.32;1.066;5.9
80413813935;1;2;2;93.78;3;14.067;295.407;1302019;11:32;281.34;14.067;5.9
58519010249;1;2;1;73.26;1;3.663;76.923;1272019;18:08;73.26;3.663;9.7
86212915914;1;1;1;22.38;1;1.119;23.499;1302019;17:08;22.38;1.119;8.6
84519416841;3;2;1;72.88;9;32.796;688.716;182019;19:38;655.92;32.796;4
12514512293;3;1;2;99.1;6;29.73;624.33;1192019;13:11;594.6;29.73;4.2
84317314724;1;1;1;74.1;1;3.705;77.805;1252019;11:05;74.1;3.705;9.2
40913319708;1;1;2;98.48;2;9.848;206.808;2192019;10:12;196.96;9.848;9.2
65816613967;1;1;1;53.19;7;186.165;3.909.465;1142019;15:42;372.33;186.165;5
86617012814;3;1;1;52.79;10;26.395;554.295;2252019;11:58;527.9;26.395;10
16012212687;2;2;1;95.95;5;239.875;5.037.375;1232019;14:21;479.75;239.875;8.8
89510316665;1;1;2;36.51;9;164.295;3.450.195;2162019;10:52;328.59;164.295;4.2
77014218960;2;1;1;21.12;8;8.448;177.408;112019;19:31;168.96;8.448;6.3
74814512862;2;2;2;28.31;4;5.662;118.902;372019;18:35;113.24;5.662;8.2
23413612483;1;1;1;57.59;6;17.277;362.817;2152019;13:51;345.54;17.277;5.1
31616613011;2;2;1;47.63;9;214.335;4.501.035;1232019;12:35;428.67;214.335;5
84819516252;1;2;2;86.27;1;43.135;905.835;2202019;13:24;86.27;43.135;7
84017615966;3;2;1;12.76;2;1.276;26.796;182019;18:06;25.52;1.276;7.8
15210314217;1;1;1;11.28;9;5.076;106.596;3172019;11:55;101.52;5.076;4.3
53316615566;2;1;1;51.07;7;178.745;3.753.645;1122019;11:42;357.49;178.745;7
12413111458;2;2;2;79.59;3;119.385;2.507.085;182019;14:30;238.77;119.385;6.6
17617811170;1;2;2;33.81;3;50.715;1.065.015;1262019;15:11;101.43;50.715;7.3
36115910574;3;2;1;90.53;8;36.212;760.452;3152019;14:48;724.24;36.212;6.5
10118114070;2;2;2;62.82;2;6.282;131.922;1172019;12:36;125.64;6.282;4.9
63113411880;3;2;2;24.31;3;36.465;765.765;182019;19:09;72.93;36.465;4.3
85218212749;3;1;2;64.59;4;12.918;271.278;162019;13:35;258.36;12.918;9.3
87311416353;1;2;2;24.82;7;8.687;182.427;2162019;10:33;173.74;8.687;7.1
58416614073;1;1;1;56.5;1;2.825;59.325;3132019;15:45;56.5;2.825;9.6
54415519589;3;2;2;21.43;10;10.715;225.015;1282019;11:51;214.3;10.715;6.2
16611912553;2;2;2;89.06;6;26.718;561.078;1182019;17:26;534.36;26.718;9.9
73718815876;1;2;2;23.29;4;4.658;97.818;3192019;11:52;93.16;4.658;5.9
15418717367;1;1;2;65.26;8;26.104;548.184;3152019;14:04;522.08;26.104;6.3
88515610389;3;2;2;52.35;1;26.175;549.675;2122019;17:49;52.35;26.175;4
60810513804;3;2;1;39.75;1;19.875;417.375;2252019;20:19;39.75;19.875;6.1
44816113783;2;1;1;90.02;8;36.008;756.168;3212019;16:08;720.16;36.008;4.5
76114910439;1;2;1;12.1;8;4.84;101.64;1192019;10:17;96.8;4.84;8.6
49019510021;2;2;1;33.21;10;16.605;348.705;182019;14:25;332.1;16.605;6
11513817388;2;2;2;10.18;8;4.072;85.512;3302019;12:51;81.44;4.072;9.5
31111316971;3;2;1;31.99;10;15.995;335.895;2202019;15:18;319.9;15.995;9.9
29115516563;2;2;1;34.42;6;10.326;216.846;3302019;12:45;206.52;10.326;7.5
54814813156;1;2;2;83.34;2;8.334;175.014;3192019;13:37;166.68;8.334;7.6
46019315834;1;1;2;45.58;7;15.953;335.013;1132019;10:03;319.06;15.953;5
32518914209;1;2;1;87.9;1;4.395;92.295;252019;19:42;87.9;4.395;6.7
88418016021;1;2;1;73.47;10;36.735;771.435;3232019;13:14;734.7;36.735;9.5
13717418729;1;1;2;12.19;8;4.876;102.396;3132019;12:47;97.52;4.876;6.8
88014615796;3;2;1;76.92;10;38.46;807.66;3172019;19:53;769.2;38.46;5.6
38917012397;1;1;1;83.66;5;20.915;439.215;2212019;10:26;418.3;20.915;7.2
11413515271;3;1;1;57.91;8;23.164;486.444;272019;15:06;463.28;23.164;8.1
60717616216;2;2;2;92.49;5;231.225;4.855.725;322019;16:35;462.45;231.225;8.6
71512011673;3;1;2;28.38;5;7.095;148.995;362019;20:57;141.9;7.095;9.4
81113511094;2;2;2;50.45;6;15.135;317.835;262019;15:16;302.7;15.135;8.9
69918811972;2;1;2;99.16;8;39.664;832.944;1282019;17:47;793.28;39.664;4.2
78118418059;2;1;1;60.74;7;21.259;446.439;1182019;16:23;425.18;21.259;5
40914916995;3;2;2;47.27;6;14.181;297.801;252019;10:17;283.62;14.181;8.8
72515410677;3;2;2;85.6;7;29.96;629.16;322019;13:50;599.2;29.96;5.3
14610915432;3;2;1;35.04;9;15.768;331.128;292019;19:17;315.36;15.768;4.6
37717917592;1;2;2;44.84;9;20.178;423.738;1142019;14:00;403.56;20.178;7.5
50911010516;3;1;1;45.97;4;9.194;193.074;292019;12:02;183.88;9.194;5.1
59519419924;2;2;2;27.73;5;69.325;1.455.825;3262019;20:21;138.65;69.325;4.2
86514119075;1;1;1;11.53;7;40.355;847.455;1282019;17:35;80.71;40.355;8.1
54510718534;1;1;1;58.32;2;5.832;122.472;2142019;12:42;116.64;5.832;6
11816211812;3;2;2;78.38;4;15.676;329.196;3242019;17:56;313.52;15.676;7.9
45014213339;3;1;1;84.61;10;42.305;888.405;292019;18:58;846.1;42.305;8.8
85119813555;3;1;1;82.88;5;20.72;435.12;3242019;14:08;414.4;20.72;6.6
18617115196;2;2;1;79.54;2;7.954;167.034;3272019;16:30;159.08;7.954;6.2
62410118356;1;1;1;49.01;10;24.505;514.605;1272019;10:44;490.1;24.505;4.2
31316619943;2;2;1;29.15;3;43.725;918.225;3272019;20:29;87.45;43.725;7.3
15112718496;2;1;1;56.13;4;11.226;235.746;1192019;11:43;224.52;11.226;8.6
45313316436;3;1;2;93.12;8;37.248;782.208;272019;10:09;744.96;37.248;6.8
52215718364;1;2;1;51.34;8;20.536;431.256;1312019;10:00;410.72;20.536;7.6
45914512396;1;2;1;99.6;3;14.94;313.74;2252019;18:45;298.8;14.94;5.8
71719614189;1;1;2;35.49;6;10.647;223.587;222019;12:40;212.94;10.647;4.1
72211312115;3;2;1;42.85;1;21.425;449.925;3142019;15:36;42.85;21.425;9.3
74918118133;3;1;2;94.67;4;18.934;397.614;3112019;12:04;378.68;18.934;6.8
77716712495;1;1;1;68.97;3;103.455;2.172.555;2222019;11:26;206.91;103.455;8.7
63619813364;2;2;1;26.26;3;3.939;82.719;322019;12:36;78.78;3.939;6.3
24615516923;2;2;1;35.79;9;161.055;3.382.155;3102019;15:06;322.11;161.055;5.1
18118216255;3;1;1;16.37;6;4.911;103.131;282019;10:58;98.22;4.911;7
83810211821;2;2;1;12.73;2;1.273;26.733;2222019;12:10;25.46;1.273;5.2
88714210517;3;1;1;83.14;7;29.099;611.079;1102019;10:31;581.98;29.099;6.6
45711210244;3;2;1;35.22;6;10.566;221.886;3142019;13:49;211.32;10.566;6.5
22613410034;3;1;2;13.78;4;2.756;57.876;1102019;11:10;55.12;2.756;9
32114917382;2;2;1;88.31;1;44.155;927.255;2152019;17:38;88.31;44.155;5.2
39712518725;2;2;1;39.62;9;17.829;374.409;1132019;17:54;356.58;17.829;6.8
43116612305;1;1;2;88.25;9;397.125;8.339.625;2152019;20:51;794.25;397.125;7.6
82519415922;2;1;2;25.31;2;2.531;53.151;322019;19:26;50.62;2.531;7.2
64116217288;2;1;1;99.92;6;29.976;629.496;3242019;13:33;599.52;29.976;7.1
75619311854;2;2;1;83.35;2;8.335;175.035;222019;14:05;166.7;8.335;9.5
24315518457;3;1;2;74.44;10;37.22;781.62;2272019;11:40;744.4;37.22;5.1
45811018612;1;1;1;64.08;7;22.428;470.988;1202019;12:27;448.56;22.428;7.6
50116111753;3;1;2;63.15;6;18.945;397.845;132019;20:24;378.9;18.945;9.8
23510618510;2;2;1;85.72;3;12.858;270.018;1242019;20:59;257.16;12.858;5.1
43310817822;3;1;1;78.89;7;276.115;5.798.415;152019;19:48;552.23;276.115;7.5
36118512571;3;1;1;89.48;5;22.37;469.77;3302019;10:18;447.4;22.37;7.4
13117018179;1;2;1;92.09;3;138.135;2.900.835;2172019;16:27;276.27;138.135;4.2
50010212261;1;1;2;57.29;6;17.187;360.927;3212019;17:04;343.74;17.187;5.9
72017212436;3;1;2;66.52;4;13.304;279.384;322019;18:14;266.08;13.304;6.9
70218315291;1;2;1;99.82;9;44.919;943.299;3272019;10:43;898.38;44.919;6.6
80916919497;3;1;2;45.68;10;22.84;479.64;1192019;19:30;456.8;22.84;5.7
44911616770;1;1;2;50.79;5;126.975;2.666.475;2192019;14:53;253.95;126.975;5.3
33312312632;1;2;1;10.08;7;3.528;74.088;3282019;20:14;70.56;3.528;4.2
48918211237;1;1;2;93.88;7;32.858;690.018;152019;11:51;657.16;32.858;7.3
85919716048;1;2;2;84.25;2;8.425;176.925;3262019;14:13;168.5;8.425;5.3
67611012200;3;2;2;53.78;1;2.689;56.469;232019;20:13;53.78;2.689;4.7
37318811424;2;2;1;35.81;5;89.525;1.880.025;262019;18:44;179.05;89.525;7.9
36511614334;3;1;2;26.43;8;10.572;222.012;2242019;14:26;211.44;10.572;8.9
50312114385;2;2;1;39.91;3;59.865;1.257.165;2212019;12:40;119.73;59.865;9.3
30518912768;2;2;1;21.9;3;3.285;68.985;192019;18:43;65.7;3.285;4.7
57418011489;2;2;1;62.85;4;12.57;263.97;2252019;13:22;251.4;12.57;8.7
78410810310;2;2;2;21.04;4;4.208;88.368;1132019;13:58;84.16;4.208;7.6
20014016154;3;2;1;65.91;6;19.773;415.233;292019;11:45;395.46;19.773;5.7
84611010341;2;1;2;42.57;7;148.995;3.128.895;162019;11:51;297.99;148.995;6.8
57713417579;1;2;2;50.49;9;227.205;4.771.305;1102019;17:16;454.41;227.205;5.4
43010213888;3;1;1;46.02;6;13.806;289.926;272019;15:55;276.12;13.806;7.1
86714711948;2;1;1;15.8;10;7.9;165.9;192019;12:07;158;7.9;7.8
38415916655;3;2;2;98.66;9;44.397;932.337;2192019;15:07;887.94;44.397;8.4
25615813609;1;2;2;91.98;1;4.599;96.579;3182019;15:29;91.98;4.599;9.8
32419213863;3;2;1;20.89;2;2.089;43.869;252019;18:45;41.78;2.089;9.8
59310815916;1;1;2;15.5;1;0.775;16.275;3192019;15:23;15.5;0.775;7.4
36413412972;1;2;2;96.82;3;14.523;304.983;3302019;20:37;290.46;14.523;6.7
79414213736;3;1;1;33.33;2;3.333;69.993;1262019;14:41;66.66;3.333;6.4
17214218274;2;1;1;38.27;2;3.827;80.367;322019;18:18;76.54;3.827;5.8
55816015016;2;1;2;33.3;9;14.985;314.685;342019;15:27;299.7;14.985;7.2
19510610432;1;2;1;81.01;3;121.515;2.551.815;1132019;12:55;243.03;121.515;9.3
60510312706;1;1;1;15.8;3;2.37;49.77;3252019;18:02;47.4;2.37;9.5
21413012776;1;2;1;34.49;5;86.225;1.810.725;3112019;19:44;172.45;86.225;9
74610411077;2;2;2;84.63;10;42.315;888.615;112019;11:36;846.3;42.315;9
44813418700;2;2;2;36.91;7;129.185;2.712.885;2102019;13:51;258.37;129.185;6.7
45210418808;2;1;2;87.08;7;30.478;640.038;1262019;15:17;609.56;30.478;5.5
53115614728;2;1;2;80.08;3;12.012;252.252;2112019;15:29;240.24;12.012;5.4
74418219138;1;1;2;86.13;2;8.613;180.873;272019;17:59;172.26;8.613;8.2
88316911285;3;2;1;49.92;2;4.992;104.832;362019;11:55;99.84;4.992;7
22112515073;2;1;2;74.66;4;14.932;313.572;342019;10:39;298.64;14.932;8.5
51817116847;1;2;1;26.6;6;7.98;167.58;2262019;15:10;159.6;7.98;4.9
15612010370;2;1;1;25.45;1;12.725;267.225;3102019;18:10;25.45;12.725;5.1
15113317434;2;1;2;67.77;1;33.885;711.585;242019;20:43;67.77;33.885;6.5
72814719078;2;2;2;59.59;4;11.918;250.278;1192019;12:46;238.36;11.918;9.8
80914611866;3;1;1;58.15;4;11.63;244.23;1232019;17:44;232.6;11.63;8.4
13913214183;1;2;2;97.48;9;43.866;921.186;3142019;14:19;877.32;43.866;7.4
14814117930;1;1;2;99.96;7;34.986;734.706;1232019;10:33;699.72;34.986;6.1
18914015216;3;1;1;96.37;7;337.295;7.083.195;192019;11:40;674.59;337.295;6
37413815555;3;1;1;63.71;5;159.275;3.344.775;272019;19:30;318.55;159.275;8.5
76414418999;2;1;2;14.76;2;1.476;30.996;2182019;14:42;29.52;1.476;4.3
55214415977;2;2;2;62;8;24.8;520.8;132019;19:08;496;24.8;6.2
26716217380;2;2;2;82.34;10;41.17;864.57;3292019;19:12;823.4;41.17;4.3
43015314718;3;2;1;75.37;8;30.148;633.108;1282019;15:46;602.96;30.148;8.4
88611812897;2;1;1;56.56;5;14.14;296.94;3222019;19:06;282.8;14.14;4.5
60211616955;1;1;2;76.6;10;38.3;804.3;1242019;18:10;766;38.3;6
74517410715;2;1;2;58.03;2;5.803;121.863;3102019;20:46;116.06;5.803;8.8
69010116631;1;1;1;17.49;10;8.745;183.645;2222019;18:35;174.9;8.745;6.6
65214916720;2;2;2;60.95;1;30.475;639.975;2182019;11:40;60.95;30.475;5.9
23316715758;3;1;1;40.35;1;20.175;423.675;1292019;13:46;40.35;20.175;6.2
30319612227;3;1;2;97.38;10;48.69;1022.49;322019;17:16;973.8;48.69;4.4
72710211313;2;2;2;31.84;1;1.592;33.432;292019;13:22;31.84;1.592;7.7
34715612442;1;1;1;65.82;1;3.291;69.111;2222019;15:33;65.82;3.291;4.1
84910913807;1;2;1;88.34;7;30.919;649.299;2182019;13:28;618.38;30.919;6.6
