Invoice_ID,Branch,Customer,Gender,Unit price,Quantity,Tax 5%,Total,Date,Time,cogs,gross margin,gross income,Rating
75016718428,2,2,1,74.69,7,261415,5489715,152019,0,547222222222222,522.83,261415,9.1
22613113081,1,1,2,15.28,5,3.82,80.22,382019,0,436805555555556,76.4,3.82,9.6
63114113108,3,1,2,46.33,7,162155,3405255,332019,0,557638888888889,324.31,162155,7.4
12311911176,1,2,2,58.22,8,23288,489048,1272019,0,85625,465.76,23288,8.4
37317317910,1,1,2,86.31,7,302085,6343785,282019,0,442361111111111,604.17,302085,5.3
69911413026,1,1,1,85.39,7,298865,6276165,3252019,0,770833333333333,597.73,298865,4.1
35515315943,3,2,1,68.84,6,20652,433692,2252019,0,608333333333333,413.04,20652,5.8
31512215665,1,1,1,73.56,10,36.78,772.38,2242019,0,484722222222222,735.6,36.78,8
66513219167,3,2,1,36.26,2,3626,76146,1102019,0,71875,72.52,3626,7.2
69219215582,1,2,1,54.84,3,8226,172746,2202019,0,560416666666667,164.52,8226,5.9
35116210822,2,2,2,14.48,4,2896,60816,262019,0,754861111111111,57.92,2896,4.5
52915613974,2,2,1,25.51,4,5102,107142,392019,0,710416666666667,102.04,5102,6.8
36516410515,2,1,2,46.95,5,117375,2464875,2122019,0,434027777777778,234.75,117375,7.1
25215612699,1,1,1,43.19,10,21595,453495,272019,0,7,431.9,21595,8.2
82913413910,1,1,1,71.38,10,35.69,749.49,3292019,0,80625,713.8,35.69,5.7
29914611805,1,2,1,93.72,6,28116,590436,1152019,0,679861111111111,562.32,28116,4.5
65619519349,2,2,2,68.93,7,241255,5066355,3112019,0,460416666666667,482.51,241255,4.6
76512616951,1,1,2,72.61,6,21783,457443,112019,0,44375,435.66,21783,6.9
32916211586,1,1,1,54.67,3,82005,1722105,1212019,0,75,164.01,82005,8.6
31915013348,1,1,2,40.3,2,4.03,84.63,3112019,0,645833333333333,80.6,4.03,4.4
30017114605,2,2,2,86.04,5,21.51,451.71,2252019,0,475,430.2,21.51,4.8
37118515789,3,1,2,87.98,3,13197,277137,352019,0,444444444444444,263.94,13197,5.1
27311616619,2,1,2,33.2,2,3.32,69.72,3152019,0,513888888888889,66.4,3.32,4.4
63614818204,2,1,2,34.56,5,8.64,181.44,2172019,0,46875,172.8,8.64,9.9
54915911358,1,2,1,88.63,3,132945,2791845,322019,0,733333333333333,265.89,132945,6
22710315010,1,2,2,52.59,8,21036,441756,3222019,0,805555555555555,420.72,21036,8.5
64912916775,1,1,1,33.52,1,1676,35196,282019,0,646527777777778,33.52,1676,6.7
18911714241,2,1,1,87.67,2,8767,184107,3102019,0,511805555555556,175.34,8767,7.7
14519419061,1,1,2,88.36,5,22.09,463.89,1252019,0,825,441.8,22.09,9.6
84816217243,2,1,2,24.89,9,112005,2352105,3152019,0,65,224.01,112005,7.4
87117918483,1,1,2,94.13,5,235325,4941825,2252019,0,81875,470.65,235325,4.8
14917116266,2,2,2,78.07,9,351315,7377615,1282019,0,529861111111111,702.63,351315,4.5
64014912076,2,1,2,83.78,8,33512,703752,1102019,0,617361111111111,670.24,33512,5.1
59511115460,2,1,1,96.58,2,9658,202818,3152019,0,425,193.16,9658,5.1
18315616882,1,2,1,99.42,4,19884,417564,262019,0,445833333333333,397.68,19884,7.5
23211612483,3,2,2,68.12,1,3406,71526,172019,0,519444444444444,68.12,3406,6.8
12912918530,3,2,1,62.62,5,15655,328755,3102019,0,802083333333333,313.1,15655,7
27216511806,1,1,1,60.88,9,27396,575316,1152019,0,720138888888889,547.92,27396,4.7
33317317901,1,1,2,54.92,8,21968,461328,3232019,0,558333333333333,439.36,21968,7.6
77718217220,3,2,1,30.12,8,12048,253008,332019,0,542361111111111,240.96,12048,7.7
28013515823,2,2,2,86.72,1,4336,91056,1172019,0,78125,86.72,4336,7.9
55415318700,2,2,1,56.11,2,5611,117831,222019,0,424305555555556,112.22,5611,6.3
35412515821,3,2,1,69.12,6,20736,435456,282019,0,54375,414.72,20736,5.6
22819611411,2,2,2,98.7,8,39.48,829.08,342019,0,860416666666667,789.6,39.48,7.6
61711514209,3,2,1,15.37,2,1537,32277,3162019,0,824305555555556,30.74,1537,7.2
13213219879,3,2,2,93.96,4,18792,394632,392019,0,75,375.84,18792,9.5
37014117321,2,2,1,56.69,9,255105,5357205,2272019,0,725,510.21,255105,8.4
72714613608,2,2,2,20.01,9,90045,1890945,262019,0,657638888888889,180.09,90045,4.1
66915411719,2,2,1,18.93,6,5679,119259,2102019,0,53125,113.58,5679,8.1
57412215561,2,2,2,82.63,10,41315,867615,3192019,0,713888888888889,826.3,41315,7.9
32617815178,3,2,1,91.4,7,31.99,671.79,232019,0,429861111111111,639.8,31.99,9.5
16214818011,3,2,1,44.59,5,111475,2340975,2102019,0,631944444444444,222.95,111475,8.5
61612412851,1,2,2,17.87,4,3574,75054,3222019,0,6125,71.48,3574,6.5
77817115554,2,2,2,15.43,1,0.7715,162015,1252019,0,656944444444444,15.43,0.7715,6.1
24215516721,3,1,1,16.16,2,1616,33936,372019,0,492361111111111,32.32,1616,6.5
39914615918,2,1,2,85.98,8,34392,722232,2282019,0,792361111111111,687.84,34392,8.2
10613516779,3,2,2,44.34,2,4434,93114,3272019,0,476388888888889,88.68,4434,5.8
63514016220,1,1,1,89.6,8,35.84,752.64,272019,0,477777777777778,716.8,35.84,6.6
81714818732,1,2,2,72.35,10,36175,759675,1202019,0,663194444444444,723.5,36175,5.4
12010614233,1,1,1,30.61,6,9183,192843,3122019,0,858333333333333,183.66,9183,9.3
28516815083,3,2,2,24.74,3,3711,77931,2152019,0,740972222222222,74.22,3711,10
80318315989,3,1,1,55.73,6,16719,351099,2242019,0,454861111111111,334.38,16719,7
34713412234,3,2,2,55.07,9,247815,5204115,232019,0,569444444444444,495.63,247815,10
19917518169,2,2,2,15.81,10,7905,166005,362019,0,51875,158.1,7905,8.6
85312312453,1,2,2,75.74,4,15148,318108,2142019,0,607638888888889,302.96,15148,7.6
87712213308,2,2,1,15.87,10,7935,166635,3132019,0,694444444444445,158.7,7935,5.8
83817814295,1,1,1,33.47,2,3347,70287,2102019,0,654861111111111,66.94,3347,6.7
10912812512,3,2,2,97.61,6,29283,614943,172019,0,625694444444444,585.66,29283,9.9
23211113025,2,1,1,78.77,10,39385,827085,1242019,0,419444444444444,787.7,39385,6.4
38210314532,1,2,2,18.33,1,0.9165,192465,222019,0,784722222222222,18.33,0.9165,4.3
39316512792,1,1,2,89.48,10,44.74,939.54,162019,0,531944444444444,894.8,44.74,9.6
79611212025,3,1,1,62.12,10,31.06,652.26,2112019,0,679861111111111,621.2,31.06,5.9
51019516347,3,2,1,48.52,3,7278,152838,352019,0,761805555555556,145.56,7278,4
84113516630,2,1,2,75.91,6,22773,478233,392019,0,764583333333333,455.46,22773,8.7
28712119091,3,1,1,74.67,9,336015,7056315,1222019,0,454861111111111,672.03,336015,9.4
73219410499,1,1,2,41.65,10,20825,437325,1132019,0,711111111111111,416.5,20825,5.4
26311013913,3,2,1,49.04,9,22068,463428,192019,0,597222222222222,441.36,22068,8.6
38112010914,3,2,1,20.01,9,90045,1890945,1122019,0,658333333333333,180.09,90045,5.7
82914911914,1,2,1,78.31,10,39155,822255,352019,0,683333333333333,783.1,39155,6.6
75610117507,3,1,1,20.38,5,5095,106995,1222019,0,788888888888889,101.9,5095,6
87017214431,3,1,1,99.19,6,29757,624897,1212019,0,6125,595.14,29757,5.5
84713817188,3,1,2,96.68,3,14502,304542,1262019,0,830555555555556,290.04,14502,6.4
48016312856,2,1,1,19.25,8,7.7,161.7,1232019,0,775694444444444,154,7.7,6.6
78715610757,3,2,2,80.36,4,16072,337512,2232019,0,78125,321.44,16072,8.3
36013915055,3,2,1,48.91,5,122275,2567775,392019,0,428472222222222,244.55,122275,6.6
73015019884,3,1,2,83.06,7,29071,610491,352019,0,604861111111111,581.42,29071,4
36215818315,3,1,2,76.52,5,19.13,401.73,3252019,0,432638888888889,382.6,19.13,9.9
63314418566,3,2,2,49.38,7,17283,362943,3272019,0,857638888888889,345.66,17283,7.3
50413518843,1,1,1,42.47,1,21235,445935,122019,0,70625,42.47,21235,5.7
31816815053,1,1,1,76.99,6,23097,485037,2272019,0,746527777777778,461.94,23097,6.1
56518015980,2,2,1,47.38,4,9476,198996,1232019,0,434027777777778,189.52,9476,7.1
22513210908,3,1,1,44.86,10,22.43,471.03,1262019,0,829166666666667,448.6,22.43,8.2
87315110671,3,2,2,21.98,7,7693,161553,1102019,0,695833333333333,153.86,7693,5.1
15210819985,1,2,2,64.36,9,28962,608202,3122019,0,50625,579.24,28962,8.6
51219110811,2,1,2,89.75,1,44875,942375,262019,0,836805555555555,89.75,44875,6.6
59413414444,3,1,2,97.16,1,4858,102018,382019,0,859722222222222,97.16,4858,7.2
76618517061,1,1,1,87.87,10,43935,922635,3292019,0,434027777777778,878.7,43935,5.1
87113919221,2,1,2,12.45,6,3735,78435,292019,0,549305555555556,74.7,3735,4.1
86519216136,3,1,2,52.75,3,79125,1661625,3232019,0,427777777777778,158.25,79125,9.3
73310119107,1,1,2,82.7,6,24.81,521.01,352019,0,759722222222222,496.2,24.81,7.4
16315617055,2,2,2,48.71,1,24355,511455,3262019,0,805555555555555,48.71,24355,4.1
18919812939,3,1,1,78.55,9,353475,7422975,312019,0,556944444444444,706.95,353475,7.2
55112113069,3,1,2,23.07,9,103815,2180115,212019,0,477083333333333,207.63,103815,4.9
21216211842,3,1,2,58.26,6,17478,367038,3282019,0,697222222222222,349.56,17478,9.9
71613911409,1,1,2,30.35,7,106225,2230725,3192019,0,763194444444444,212.45,106225,8
70414813927,2,2,2,88.67,10,44335,931035,1122019,0,618055555555556,886.7,44335,7.3
62813413388,1,1,2,27.38,6,8214,172494,152019,0,870833333333333,164.28,8214,7.9
63017415166,3,1,1,62.13,6,18639,391419,3222019,0,846527777777778,372.78,18639,7.4
58810117461,1,1,2,33.98,9,15291,321111,3242019,0,446527777777778,305.82,15291,4.2
86117710145,3,2,1,81.97,10,40985,860685,332019,0,604166666666667,819.7,40985,9.2
47912618945,3,2,1,16.49,2,1649,34629,252019,0,480555555555556,32.98,1649,4.6
21016715886,2,2,1,98.21,3,147315,3093615,252019,0,445138888888889,294.63,147315,7.8
22717811148,3,1,2,72.84,7,25494,535374,2152019,0,530555555555556,509.88,25494,8.4
64514411170,2,2,1,58.07,9,261315,5487615,1192019,0,838194444444444,522.63,261315,4.3
23710116122,1,2,1,80.79,9,363555,7634655,212019,0,854861111111111,727.11,363555,9.5
22519811496,3,1,2,27.02,3,4053,85113,322019,0,542361111111111,81.06,4053,7.1
29113211427,3,2,2,21.94,5,5485,115185,352019,0,520138888888889,109.7,5485,5.3
65916518956,2,2,1,51.36,1,2568,53928,1162019,0,643055555555556,51.36,2568,5.2
64213212990,2,1,2,10.96,10,5.48,115.08,222019,0,866666666666667,109.6,5.48,6
37812412715,1,1,1,53.44,2,5344,112224,1202019,0,859722222222222,106.88,5344,4.1
63816017125,2,1,2,99.56,8,39824,836304,2142019,0,710416666666667,796.48,39824,5.2
65913611684,1,2,2,57.12,7,19992,419832,1122019,0,501388888888889,399.84,19992,6.5
21912219386,3,2,2,99.96,9,44982,944622,392019,0,726388888888889,899.64,44982,4.2
33617812147,2,2,1,63.91,8,25564,536844,3132019,0,827777777777778,511.28,25564,4.6
26812716179,3,2,1,56.47,8,22588,474348,392019,0,622916666666667,451.76,22588,7.3
66819018900,2,1,1,93.69,7,327915,6886215,3102019,0,780555555555556,655.83,327915,4.5
87015413162,1,1,1,32.25,5,80625,1693125,1272019,0,559722222222222,161.25,80625,9
18910819157,1,1,1,31.73,9,142785,2998485,182019,0,678472222222222,285.57,142785,5.9
66318619076,3,2,1,68.54,8,27416,575736,182019,0,664583333333333,548.32,27416,8.5
54918417482,3,1,1,90.28,9,40626,853146,282019,0,46875,812.52,40626,7.2
19111016171,2,1,1,39.62,7,13867,291207,1252019,0,554166666666667,277.34,13867,7.5
80217015316,2,2,1,92.13,6,27639,580419,362019,0,856944444444444,552.78,27639,8.3
69515110018,1,1,2,34.84,4,6968,146328,2102019,0,775,139.36,6968,7.4
59018314591,2,2,1,87.45,6,26235,550935,2172019,0,611111111111111,524.7,26235,8.8
48317111164,2,1,2,81.3,6,24.39,512.19,382019,0,696527777777778,487.8,24.39,5.3
59717817908,3,1,1,90.22,3,13533,284193,2182019,0,81875,270.66,13533,6.2
70018111757,3,1,1,26.31,5,65775,1381275,1182019,0,874305555555556,131.55,65775,8.8
35413915160,1,2,2,34.42,6,10326,216846,2182019,0,652083333333333,206.52,10326,9.8
24117219525,1,1,2,51.91,10,25955,545055,2162019,0,514583333333333,519.1,25955,8.2
57513018091,2,1,1,72.5,8,29,609,3162019,0,809027777777778,580,29,9.2
73118119469,1,2,2,89.8,10,44.9,942.9,1232019,0,541666666666667,898,44.9,5.4
28011714359,3,2,1,90.5,10,45.25,950.25,1252019,0,575,905,45.25,8.1
33816512210,3,2,1,68.6,10,34.3,720.3,252019,0,83125,686,34.3,9.1
48812514221,3,2,1,30.41,1,15205,319305,2222019,0,441666666666667,30.41,15205,8.4
23911017476,3,1,1,77.95,6,23385,491085,1212019,0,692361111111111,467.7,23385,8
45814111477,1,1,1,46.26,6,13878,291438,382019,0,715972222222222,277.56,13878,9.5
68516411609,3,2,2,30.14,10,15.07,316.47,2102019,0,519444444444444,301.4,15.07,9.2
56819015112,1,1,2,66.14,4,13228,277788,3192019,0,531944444444444,264.56,13228,5.6
26214712794,3,2,2,71.86,8,28744,603624,362019,0,629861111111111,574.88,28744,6.2
23814910436,2,1,1,32.46,8,12984,272664,3272019,0,575,259.68,12984,4.9
60819613517,1,2,2,91.54,4,18308,384468,3232019,0,805555555555555,366.16,18308,4.8
58418617256,2,2,2,34.56,7,12096,254016,3112019,0,671527777777778,241.92,12096,7.3
74619410204,3,1,1,83.24,9,37458,786618,1292019,0,497222222222222,749.16,37458,7.4
21411716927,1,1,1,16.48,6,4944,103824,272019,0,765972222222222,98.88,4944,9.9
40018914171,3,1,2,80.97,8,32388,680148,1282019,0,545138888888889,647.76,32388,9.3
78219519291,3,2,2,92.29,5,230725,4845225,2202019,0,663194444444444,461.45,230725,9
27917412924,1,2,2,72.17,1,36085,757785,142019,0,819444444444445,72.17,36085,6.1
30718512293,2,1,2,50.28,5,12.57,263.97,372019,0,581944444444444,251.4,12.57,9.7
74310411105,2,2,2,97.22,9,43749,918729,3302019,0,613194444444444,874.98,43749,6
42315712993,2,1,1,93.39,6,28017,588357,3272019,0,804166666666667,560.34,28017,10
89414115205,2,1,2,43.18,8,17272,362712,1192019,0,81875,345.44,17272,8.3
27512810149,3,1,2,63.69,1,31845,668745,2252019,0,68125,63.69,31845,6
10111716199,1,1,2,45.79,7,160265,3365565,3132019,0,822222222222222,320.53,160265,7
42318010988,1,1,2,76.4,2,7.64,160.44,1302019,0,820833333333333,152.8,7.64,6.5
54814619322,3,1,2,39.9,10,19.95,418.95,2202019,0,641666666666667,399,19.95,5.9
50510210892,2,2,2,42.57,8,17028,357588,2252019,0,591666666666667,340.56,17028,5.6
23416512137,2,1,2,95.58,10,47.79,1003.59,1162019,0,563888888888889,955.8,47.79,4.8
68714718271,3,1,2,98.98,10,49.49,1039.29,282019,0,680555555555555,989.8,49.49,8.7
79613219050,1,1,2,51.28,6,15384,323064,1192019,0,688194444444444,307.68,15384,6.5
10513111824,1,2,2,69.52,7,24332,510972,212019,0,631944444444444,486.64,24332,8.5
24914213782,1,1,2,70.01,5,175025,3675525,132019,0,483333333333333,350.05,175025,5.5
31615514634,1,2,2,80.05,5,200125,4202625,1262019,0,53125,400.25,200125,9.4
73313314967,2,1,2,20.85,8,8.34,175.14,332019,0,803472222222222,166.8,8.34,6.3
60812716295,3,2,2,52.89,6,15867,333207,1192019,0,731944444444444,317.34,15867,9.8
41411217047,2,1,2,19.79,8,7916,166236,1182019,0,502777777777778,158.32,7916,8.7
82712612100,2,2,2,33.84,9,15228,319788,3212019,0,68125,304.56,15228,8.8
17515412529,1,2,1,22.17,8,8868,186228,332019,0,709027777777778,177.36,8868,9.6
13915212867,1,1,2,22.51,7,78785,1654485,2132019,0,451388888888889,157.57,78785,4.8
40716318975,3,1,2,73.88,6,22164,465444,3232019,0,802777777777778,443.28,22164,4.4
34216514817,1,2,2,86.8,3,13.02,273.42,1282019,0,699305555555556,260.4,13.02,9.9
13019818941,3,1,2,64.26,7,22491,472311,292019,0,416666666666667,449.82,22491,5.7
43418319547,3,2,2,38.47,8,15388,323148,1232019,0,49375,307.76,15388,7.7
85112816367,3,2,2,15.5,10,7.75,162.75,3232019,0,454861111111111,155,7.75,8
82418813614,1,1,1,34.31,8,13724,288204,1252019,0,625,274.48,13724,5.7
58612510848,3,1,2,12.34,7,4319,90699,342019,0,471527777777778,86.38,4319,6.7
89516610685,1,2,1,18.08,3,2712,56952,352019,0,823611111111111,54.24,2712,8
30511410245,2,2,2,94.49,8,37796,793716,332019,0,791666666666667,755.92,37796,7.5
73210415373,2,2,2,46.47,4,9294,195174,282019,0,453472222222222,185.88,9294,7
40016017251,2,1,1,74.07,1,37035,777735,2102019,0,534722222222222,74.07,37035,9.9
59316511552,1,1,1,69.81,4,13962,293202,1282019,0,868055555555555,279.24,13962,5.9
28413419626,3,1,1,77.04,3,11556,242676,2112019,0,44375,231.12,11556,7.2
43715818131,2,1,1,73.52,2,7352,154392,1152019,0,570138888888889,147.04,7352,4.6
28614316208,2,1,2,87.8,9,39.51,829.71,3162019,0,797222222222222,790.2,39.51,9.2
64114312399,3,1,2,25.55,4,5.11,107.31,1262019,0,849305555555556,102.2,5.11,5.7
83110716050,2,1,1,32.71,5,81775,1717275,3192019,0,479166666666667,163.55,81775,9.9
55618613144,1,2,2,74.29,1,37145,780045,1132019,0,8125,74.29,37145,5
84812419445,3,2,1,43.7,2,4.37,91.77,3262019,0,752083333333333,87.4,4.37,4.9
85612218149,3,1,2,25.29,1,12645,265545,3232019,0,425694444444444,25.29,12645,6.1
69910114164,1,1,1,41.5,4,8.3,174.3,3122019,0,831944444444444,166,8.3,8.2
42011114919,3,2,1,71.39,5,178475,3747975,2172019,0,83125,356.95,178475,5.5
60618014905,3,2,1,19.15,6,5745,120645,1292019,0,417361111111111,114.9,5745,6.8
54214110513,3,2,2,57.49,4,11498,241458,3152019,0,497916666666667,229.96,11498,6.6
42613912418,2,1,2,61.41,7,214935,4513635,1142019,0,418055555555556,429.87,214935,9.8
87514615808,3,2,2,25.9,10,12.95,271.95,262019,0,61875,259,12.95,8.7
39414314238,2,2,1,17.77,5,44425,932925,2152019,0,529166666666667,88.85,44425,5.4
74912411565,2,1,1,23.03,9,103635,2176335,132019,0,501388888888889,207.27,103635,7.9
67215118681,1,2,1,66.65,9,299925,6298425,142019,0,763194444444444,599.85,299925,9.7
26318715680,3,2,1,28.53,10,14265,299565,3182019,0,734722222222222,285.3,14265,7.8
57315819734,3,1,1,30.37,3,45555,956655,3282019,0,570138888888889,91.11,45555,5.1
81716918206,2,1,2,99.73,9,448785,9424485,322019,0,820833333333333,897.57,448785,6.5
88810210338,2,1,1,26.23,9,118035,2478735,1252019,0,85,236.07,118035,5.9
67711110152,1,1,2,93.26,9,41967,881307,1162019,0,755555555555556,839.34,41967,8.8
14216316033,3,1,2,92.36,5,23.09,484.89,3202019,0,803472222222222,461.8,23.09,4.9
65611611063,2,1,1,46.42,3,6963,146223,142019,0,558333333333333,139.26,6963,4.4
89115818335,2,2,2,29.61,7,103635,2176335,3112019,0,661805555555556,207.27,103635,6.5
80214318934,2,1,1,18.28,1,0.914,19194,3222019,0,628472222222222,18.28,0.914,8.3
56013015617,1,1,1,24.77,5,61925,1300425,3242019,0,76875,123.85,61925,8.5
31917412561,2,2,2,94.64,3,14196,298116,2212019,0,704861111111111,283.92,14196,5.5
54910319315,1,1,1,94.87,8,37948,796908,2122019,0,540277777777778,758.96,37948,8.7
79012911172,2,1,2,57.34,3,8601,180621,3102019,0,790972222222222,172.02,8601,7.9
23913613640,2,1,2,45.35,6,13605,285705,1312019,0,572222222222222,272.1,13605,6.1
46810112051,2,1,2,62.08,7,21728,456288,362019,0,573611111111111,434.56,21728,5.4
38912513394,2,1,1,11.81,5,29525,620025,2172019,0,754166666666667,59.05,29525,9.4
27916211445,3,2,2,12.54,1,0.627,13167,2212019,0,526388888888889,12.54,0.627,8.2
21317216612,3,1,1,43.25,2,4325,90825,3202019,0,663888888888889,86.5,4325,6.2
74616816593,1,2,2,87.16,2,8716,183036,1112019,0,603472222222222,174.32,8716,9.7
83618215858,3,2,2,69.37,9,312165,6555465,1262019,0,801388888888889,624.33,312165,4
58317211480,2,2,1,37.06,4,7412,155652,1312019,0,683333333333333,148.24,7412,9.7
46616115506,3,2,1,90.7,6,27.21,571.41,2262019,0,452777777777778,544.2,27.21,5.3
72118616247,2,1,1,63.42,8,25368,532728,3112019,0,538194444444444,507.36,25368,7.4
28916515721,1,1,1,81.37,2,8137,170877,1262019,0,811111111111111,162.74,8137,6.5
54514613100,2,2,1,10.59,3,15885,333585,3122019,0,577777777777778,31.77,15885,8.7
41810215978,2,1,2,84.09,9,378405,7946505,2112019,0,454166666666667,756.81,378405,8
26910415750,2,2,2,73.82,4,14764,310044,2212019,0,771527777777778,295.28,14764,6.7
15711315295,2,2,1,51.94,10,25.97,545.37,392019,0,766666666666667,519.4,25.97,6.5
64517818093,1,1,2,93.14,2,9314,195594,1202019,0,75625,186.28,9314,4.1
21113019270,1,1,1,17.41,5,43525,914025,1282019,0,636111111111111,87.05,43525,4.9
75511213214,3,2,1,44.22,5,11055,232155,352019,0,713194444444444,221.1,11055,8.6
34618413103,3,2,2,13.22,5,3305,69405,322019,0,809722222222222,66.1,3305,4.3
47810617835,2,1,2,89.69,1,44845,941745,1112019,0,472222222222222,89.69,44845,4.9
54011114336,1,1,2,24.94,9,11223,235683,1112019,0,700694444444444,224.46,11223,5.6
44818115016,1,1,2,59.77,2,5977,125517,3112019,0,500694444444444,119.54,5977,5.8
14217214741,1,2,2,93.2,2,9.32,195.72,2282019,0,775694444444444,186.4,9.32,6
21715811179,3,2,2,62.65,4,12.53,263.13,152019,0,475694444444444,250.6,12.53,4.2
37610218238,1,1,2,93.87,8,37548,788508,222019,0,779166666666667,750.96,37548,8.3
53019019855,2,2,1,47.59,8,19036,399756,112019,0,615972222222222,380.72,19036,5.7
86610517563,1,2,2,81.4,3,12.21,256.41,292019,0,821527777777778,244.2,12.21,4.8
60417016476,2,2,2,17.94,5,4485,94185,1232019,0,586111111111111,89.7,4485,6.8
79917111548,1,2,2,77.72,4,15544,326424,172019,0,674305555555556,310.88,15544,8.8
78511317708,1,1,2,73.06,7,25571,536991,1142019,0,795833333333333,511.42,25571,4.2
84515110542,2,2,2,46.55,9,209475,4398975,222019,0,648611111111111,418.95,209475,6.4
66214715456,2,2,1,35.19,10,17595,369495,3172019,0,795833333333333,351.9,17595,8.4
88311714236,3,1,2,14.39,2,1439,30219,322019,0,822222222222222,28.78,1439,7.2
29016812984,3,1,2,23.75,4,4.75,99.75,3162019,0,473611111111111,95,4.75,5.2
70411116354,1,2,2,58.9,8,23.56,494.76,162019,0,474305555555556,471.2,23.56,8.9
11014817033,1,2,2,32.62,4,6524,137004,1292019,0,591666666666667,130.48,6524,9
36619310948,2,2,2,66.35,1,33175,696675,1312019,0,448611111111111,66.35,33175,9.7
72910919681,1,2,2,25.91,6,7773,163233,252019,0,427777777777778,155.46,7773,8.7
15111611484,1,2,2,32.25,4,6.45,135.45,2132019,0,526388888888889,129,6.45,6.5
38019414661,1,2,1,65.94,4,13188,276948,272019,0,545138888888889,263.76,13188,6.9
85014119669,3,1,1,75.06,9,33777,709317,3192019,0,559027777777778,675.54,33777,6.2
82110713596,1,1,1,16.45,4,3.29,69.09,372019,0,620138888888889,65.8,3.29,5.6
65518515130,3,2,1,38.3,4,7.66,160.86,3132019,0,806944444444444,153.2,7.66,5.7
44711517839,2,2,2,22.24,10,11.12,233.52,292019,0,458333333333333,222.4,11.12,4.2
15417417179,1,1,1,54.45,1,27225,571725,2262019,0,808333333333333,54.45,27225,7.9
25311216086,2,2,2,98.4,7,34.44,723.24,3122019,0,529861111111111,688.8,34.44,8.7
80816510703,1,1,1,35.47,4,7094,148974,3142019,0,723611111111111,141.88,7094,6.9
57119410759,3,2,2,74.6,10,37.3,783.3,182019,0,871527777777778,746,37.3,9.5
14415116085,2,2,1,70.74,4,14148,297108,152019,0,670138888888889,282.96,14148,4.4
73111412199,1,2,1,35.54,10,17.77,373.17,142019,0,565277777777778,355.4,17.77,7
78310911637,1,1,1,67.43,5,168575,3540075,362019,0,759027777777778,337.15,168575,6.3
68711511097,2,2,1,21.12,2,2112,44352,132019,0,803472222222222,42.24,2112,9.7
12615411082,3,2,1,21.54,9,9693,203553,172019,0,488888888888889,193.86,9693,8.8
63319111052,1,1,1,12.03,2,1203,25263,1272019,0,660416666666667,24.06,1203,5.1
47712416490,1,1,2,99.71,6,29913,628173,2262019,0,702777777777778,598.26,29913,7.9
56611915475,2,1,1,47.97,7,167895,3525795,172019,0,869444444444444,335.79,167895,6.2
52618618552,2,2,1,21.82,10,10.91,229.11,172019,0,733333333333333,218.2,10.91,7.1
37615613573,3,1,2,95.42,4,19084,400764,222019,0,557638888888889,381.68,19084,6.4
53717210426,3,2,2,70.99,10,35495,745395,3202019,0,686111111111111,709.9,35495,5.7
82816115674,3,2,1,44.02,10,22.01,462.21,3202019,0,83125,440.2,22.01,9.6
13610816195,1,1,2,69.96,8,27984,587664,2152019,0,709027777777778,559.68,27984,6.4
52313810215,1,1,1,37,1,1.85,38.85,362019,0,561805555555556,37,1.85,7.9
49012911201,3,1,2,15.34,1,0.767,16107,162019,0,464583333333333,15.34,0.767,6.5
66719210055,1,2,1,99.83,6,29949,628929,342019,0,626388888888889,598.98,29949,8.5
56511713836,1,2,2,47.67,4,9534,200214,3122019,0,597916666666667,190.68,9534,9.1
49814111961,1,1,2,66.68,5,16.67,350.07,2202019,0,750694444444444,333.4,16.67,7.6
59319514461,2,2,1,74.86,1,3743,78603,3242019,0,617361111111111,74.86,3743,6.9
22617113580,3,1,1,23.75,9,106875,2244375,1312019,0,501388888888889,213.75,106875,9.5
28317919594,3,1,1,48.51,7,169785,3565485,1252019,0,5625,339.57,169785,5.2
43016013493,2,2,2,94.88,7,33208,697368,232019,0,609722222222222,664.16,33208,4.2
13912010155,1,2,2,40.3,10,20.15,423.15,1242019,0,734027777777778,403,20.15,7
55818014082,2,1,1,27.85,7,97475,2046975,3142019,0,722222222222222,194.95,97475,6
27819717759,3,2,1,62.48,1,3124,65604,2182019,0,853472222222222,62.48,3124,4.7
31616816352,1,2,2,36.36,2,3636,76356,1212019,0,416666666666667,72.72,3636,7.1
58510315943,1,1,1,18.11,10,9055,190155,3132019,0,490277777777778,181.1,9055,5.9
21110510490,2,2,2,51.92,5,12.98,272.58,332019,0,570833333333333,259.6,12.98,7.5
72717516477,3,1,2,28.84,4,5768,121128,3292019,0,613888888888889,115.36,5768,6.4
74410215987,3,2,2,78.38,6,23514,493794,1102019,0,594444444444444,470.28,23514,5.8
30718319164,1,2,1,60.01,4,12002,252042,1252019,0,6625,240.04,12002,4.5
77910610012,1,2,2,88.61,1,44305,930405,1192019,0,43125,88.61,44305,7.7
44614716729,3,1,2,99.82,2,9982,209622,122019,0,75625,199.64,9982,6.7
57311013877,3,2,2,39.01,1,19505,409605,3122019,0,698611111111111,39.01,19505,4.7
73510614124,2,1,1,48.61,1,24305,510405,2252019,0,646527777777778,48.61,24305,4.4
43915417422,3,1,1,51.19,4,10238,214998,3182019,0,71875,204.76,10238,4.7
39619012219,1,1,2,14.96,8,5984,125664,2232019,0,520138888888889,119.68,5984,8.6
41117710180,2,2,1,72.2,7,25.27,530.67,3262019,0,843055555555556,505.4,25.27,4.3
28610115402,1,1,1,40.23,7,140805,2956905,3302019,0,556944444444444,281.61,140805,9.6
80311718013,1,2,1,88.79,8,35516,745836,2172019,0,714583333333333,710.32,35516,4.1
51219811403,1,2,1,26.48,3,3972,83412,3212019,0,444444444444444,79.44,3972,4.7
84814212560,1,1,2,81.91,2,8191,172011,352019,0,738194444444444,163.82,8191,7.8
53215917201,1,2,2,79.93,6,23979,503559,1312019,0,586111111111111,479.58,23979,5.5
18119416432,2,2,1,69.33,2,6933,145593,252019,0,795138888888889,138.66,6933,9.7
87017611733,3,2,1,14.23,5,35575,747075,212019,0,422222222222222,71.15,35575,4.4
42316414619,1,2,1,15.55,9,69975,1469475,372019,0,55,139.95,69975,5
22710714446,1,2,2,78.13,10,39065,820365,2102019,0,86875,781.3,39065,4.4
17413613675,3,2,1,99.37,2,9937,208677,2142019,0,728472222222222,198.74,9937,5.2
42818315800,3,2,2,21.08,3,3162,66402,292019,0,434027777777778,63.24,3162,7.3
60310710961,3,2,1,74.79,5,186975,3926475,1102019,0,481944444444444,373.95,186975,4.9
70412014138,3,2,2,29.67,7,103845,2180745,3112019,0,790277777777778,207.69,103845,8.1
78711511757,3,2,1,44.07,4,8814,185094,2182019,0,686111111111111,176.28,8814,8.4
64911113678,3,1,1,22.93,9,103185,2166885,2262019,0,851388888888889,206.37,103185,5.5
62212011945,3,1,2,39.42,1,1971,41391,1182019,0,630555555555556,39.42,1971,8.4
37219418041,3,1,1,15.26,6,4578,96138,2152019,0,752083333333333,91.56,4578,9.8
56319117120,1,1,2,61.77,5,154425,3242925,382019,0,55625,308.85,154425,6.7
74615415508,1,1,2,21.52,6,6456,135576,1172019,0,533333333333333,129.12,6456,9.4
27615410879,1,1,2,97.74,4,19548,410508,3122019,0,828472222222222,390.96,19548,6.4
81511111168,2,2,2,99.78,5,24945,523845,392019,0,797916666666667,498.9,24945,5.4
71917613868,1,2,2,94.26,4,18852,395892,3122019,0,6875,377.04,18852,8.6
73016118757,3,2,2,51.13,4,10226,214746,1252019,0,424305555555556,204.52,10226,4
34016610321,2,2,2,36.36,4,7272,152712,3252019,0,546527777777778,145.44,7272,7.6
86818111752,1,1,2,22.02,9,9909,208089,272019,0,783333333333333,198.18,9909,6.8
63419718956,2,1,2,32.9,3,4935,103635,2172019,0,727083333333333,98.7,4935,9.1
56617111091,1,1,2,77.02,5,19255,404355,232019,0,665972222222222,385.1,19255,5.5
44214813607,1,2,2,23.48,2,2348,49308,3142019,0,472916666666667,46.96,2348,7.9
83511610096,1,2,1,14.7,5,3675,77175,3242019,0,575,73.5,3675,8.5
52710916272,3,2,2,28.45,5,71125,1493625,3212019,0,428472222222222,142.25,71125,9.1
89810412717,1,1,1,76.4,9,34.38,721.98,3192019,0,659027777777778,687.6,34.38,7.5
69212718933,1,1,1,57.95,6,17385,365085,2242019,0,543055555555556,347.7,17385,5.2
63310913463,2,1,1,47.65,3,71475,1500975,3282019,0,540277777777778,142.95,71475,9.5
37411713652,3,2,2,42.82,9,19269,404649,252019,0,643055555555556,385.38,19269,8.9
37810717001,2,2,1,48.09,3,72135,1514835,2102019,0,765972222222222,144.27,72135,7.8
43317516987,2,2,1,55.97,7,195895,4113795,352019,0,795833333333333,391.79,195895,8.9
87319514984,2,2,1,76.9,7,26915,565215,2152019,0,847916666666667,538.3,26915,7.7
41611315917,2,1,2,97.03,5,242575,5094075,1302019,0,683333333333333,485.15,242575,9.3
15018918043,3,1,1,44.65,3,66975,1406475,2142019,0,627777777777778,133.95,66975,6.2
13518418019,1,1,2,77.93,9,350685,7364385,2272019,0,673611111111111,701.37,350685,7.6
44119417118,1,2,1,71.95,1,35975,755475,242019,0,509722222222222,71.95,35975,7.3
72519613778,1,2,2,89.25,8,35.7,749.7,1202019,0,425694444444444,714,35.7,4.7
53118011784,3,1,1,26.02,7,9107,191247,3282019,0,734722222222222,182.14,9107,5.1
40014511220,1,1,1,13.5,10,6.75,141.75,2272019,0,4625,135,6.75,4.8
86017910874,2,2,2,99.3,10,49.65,1042.65,2152019,0,620138888888889,993,49.65,6.6
83416118124,3,1,1,51.69,7,180915,3799215,1262019,0,765277777777778,361.83,180915,5.5
11519914379,1,2,2,54.73,7,191555,4022655,3142019,0,793055555555556,383.11,191555,8.5
56516716697,2,2,1,27,9,12.15,255.15,322019,0,594444444444444,243,12.15,4.8
32014916392,2,1,1,30.24,1,1512,31752,342019,0,655555555555556,30.24,1512,8.4
88910419723,3,2,1,89.14,4,17828,374388,172019,0,513888888888889,356.56,17828,7.8
63219010281,2,1,1,37.55,10,18775,394275,382019,0,834027777777778,375.5,18775,9.3
55414212417,3,1,2,95.44,10,47.72,1002.12,192019,0,572916666666667,954.4,47.72,5.2
45316316187,3,1,2,27.5,3,4125,86625,312019,0,652777777777778,82.5,4125,6.5
57818017669,2,1,2,74.97,1,37485,787185,3162019,0,706944444444444,74.97,37485,5.6
61213615536,2,2,1,80.96,8,32384,680064,2172019,0,466666666666667,647.68,32384,7.4
60517214132,1,1,2,94.47,8,37788,793548,2272019,0,633333333333333,755.76,37788,9.1
47114112823,3,1,2,99.79,2,9979,209559,372019,0,859027777777778,199.58,9979,8
46216719126,3,1,1,73.22,6,21966,461286,1212019,0,738888888888889,439.32,21966,7.2
27212719238,1,1,1,41.24,4,8248,173208,2192019,0,682638888888889,164.96,8248,7.1
83412519262,3,1,1,81.68,4,16336,343056,162019,0,508333333333333,326.72,16336,9.1
12216119553,3,1,2,51.32,9,23094,484974,3142019,0,814583333333333,461.88,23094,5.6
46818810009,3,2,1,65.94,4,13188,276948,3242019,0,436805555555556,263.76,13188,6
61315919758,1,1,2,14.36,10,7.18,150.78,1272019,0,602777777777778,143.6,7.18,5.4
25413110042,3,2,1,21.5,9,9675,203175,362019,0,531944444444444,193.5,9675,7.8
20118612184,1,2,1,26.26,7,9191,193011,222019,0,819444444444445,183.82,9191,9.9
26111218671,2,1,1,60.96,2,6096,128016,1252019,0,81875,121.92,6096,4.9
73017019830,2,1,2,70.11,6,21033,441693,3142019,0,745833333333333,420.66,21033,5.2
38212518917,3,1,1,42.08,6,12624,265104,1292019,0,517361111111111,252.48,12624,8.9
42212918786,3,1,1,67.09,5,167725,3522225,132019,0,699305555555556,335.45,167725,9.1
66712315919,1,2,1,96.7,5,24175,507675,1142019,0,536111111111111,483.5,24175,7
84310114703,1,2,2,35.38,9,15921,334341,152019,0,826388888888889,318.42,15921,9.6
74318811662,2,1,2,95.49,7,334215,7018515,2222019,0,761805555555556,668.43,334215,8.7
59518612894,3,2,1,96.98,4,19396,407316,262019,0,722222222222222,387.92,19396,9.4
18216918360,3,1,2,23.65,4,4.73,99.33,1302019,0,563888888888889,94.6,4.73,4
28911517034,2,2,1,82.33,4,16466,345786,1112019,0,442361111111111,329.32,16466,7.5
46217815240,1,1,1,26.61,2,2661,55881,3192019,0,607638888888889,53.22,2661,4.2
86815217573,3,1,1,99.69,5,249225,5233725,1142019,0,50625,498.45,249225,9.9
15315814872,2,2,1,74.89,4,14978,314538,312019,0,647222222222222,299.56,14978,4.2
66217212873,3,1,2,40.94,5,10235,214935,162019,0,581944444444444,204.7,10235,9.9
52518817307,1,2,2,75.82,1,3791,79611,1312019,0,554861111111111,75.82,3791,5.8
68911619784,2,1,1,46.77,6,14031,294651,3112019,0,567361111111111,280.62,14031,6
72515610833,3,1,1,32.32,10,16.16,339.36,2202019,0,700694444444444,323.2,16.16,10
39414110748,1,2,2,54.07,9,243315,5109615,1272019,0,621527777777778,486.63,243315,9.5
59614213999,3,1,1,18.22,7,6377,133917,3102019,0,586111111111111,127.54,6377,6.6
54118919860,2,2,1,80.48,3,12072,253512,2152019,0,521527777777778,241.44,12072,8.1
17318219529,3,1,2,37.95,10,18975,398475,1262019,0,61875,379.5,18975,9.7
56313619814,2,2,1,76.82,1,3841,80661,2132019,0,76875,76.82,3841,7.2
30814714913,1,2,1,52.26,10,26.13,548.73,392019,0,53125,522.6,26.13,6.2
88511716250,1,1,1,79.74,1,3987,83727,362019,0,441666666666667,79.74,3987,7.3
72612712396,1,1,1,77.5,5,19375,406875,1242019,0,858333333333333,387.5,19375,4.3
31610113952,1,1,2,54.27,5,135675,2849175,3132019,0,594444444444444,271.35,135675,4.6
76015411821,1,1,1,13.59,9,61155,1284255,3152019,0,434722222222222,122.31,61155,5.8
79311013222,2,2,2,41.06,6,12318,258678,352019,0,5625,246.36,12318,8.3
34611213257,2,2,1,19.24,9,8658,181818,342019,0,686111111111111,173.16,8658,8
11010516330,2,1,2,39.43,6,11829,248409,3252019,0,845833333333333,236.58,11829,9.4
65116110874,3,1,2,46.22,4,9244,194124,3122019,0,836111111111111,184.88,9244,6.2
23618613015,3,2,1,13.98,1,0.699,14679,242019,0,568055555555556,13.98,0.699,9.8
83116410259,3,1,1,39.75,5,99375,2086875,2222019,0,446527777777778,198.75,99375,9.6
58710317455,2,2,2,97.79,7,342265,7187565,2162019,0,729166666666667,684.53,342265,4.9
88214014577,3,2,2,67.26,4,13452,282492,1192019,0,644444444444444,269.04,13452,8
73216715346,1,1,1,13.79,5,34475,723975,1112019,0,796527777777778,68.95,34475,7.8
72513219708,1,2,1,68.71,4,13742,288582,142019,0,792361111111111,274.84,13742,4.1
25610818343,2,1,1,56.53,4,11306,237426,342019,0,825,226.12,11306,5.5
37212611506,1,1,1,23.82,5,5955,125055,1282019,0,808333333333333,119.1,5955,5.4
24410810162,3,1,2,34.21,10,17105,359205,122019,0,541666666666667,342.1,17105,5.1
56917114390,2,1,2,21.87,2,2187,45927,1252019,0,603472222222222,43.74,2187,6.9
13212316451,2,2,2,20.97,5,52425,1100925,142019,0,55625,104.85,52425,7.8
69619012548,1,1,2,25.84,3,3876,81396,3102019,0,788194444444445,77.52,3876,6.6
47211519636,1,1,2,50.93,8,20372,427812,3222019,0,816666666666667,407.44,20372,9.2
26810316164,1,1,1,96.11,1,48055,1009155,1252019,0,686111111111111,96.11,48055,7.8
75015719686,2,1,1,45.38,4,9076,190596,182019,0,575,181.52,9076,8.7
18610913669,3,2,1,81.51,1,40755,855855,1222019,0,45625,81.51,40755,9.2
84810711692,3,1,1,57.22,2,5722,120162,1122019,0,717361111111111,114.44,5722,8.3
74517113520,2,2,1,25.22,7,8827,185367,242019,0,432638888888889,176.54,8827,8.2
26617616436,1,2,1,38.6,3,5.79,121.59,3282019,0,58125,115.8,5.79,7.5
74012212500,3,1,1,84.05,3,126075,2647575,1232019,0,561805555555556,252.15,126075,9.8
27118818734,3,2,2,97.21,10,48605,1020705,282019,0,541666666666667,972.1,48605,8.7
30118118610,3,2,2,25.42,8,10168,213528,3192019,0,820833333333333,203.36,10168,6.7
48916414354,2,1,2,16.28,1,0.814,17094,392019,0,65,16.28,0.814,5
19818417132,3,2,2,40.61,9,182745,3837645,122019,0,569444444444444,365.49,182745,7
26911018440,2,2,1,53.17,7,186095,3907995,1212019,0,750694444444444,372.19,186095,8.9
65019816268,1,2,2,20.87,3,31305,657405,3202019,0,578472222222222,62.61,31305,8
74117313559,2,1,1,67.27,5,168175,3531675,2272019,0,727083333333333,336.35,168175,6.9
32517716186,2,2,2,90.65,10,45325,951825,382019,0,453472222222222,906.5,45325,7.3
28617517818,1,1,2,69.08,2,6908,145068,1312019,0,825,138.16,6908,6.9
57415719721,2,1,1,43.27,2,4327,90867,382019,0,703472222222222,86.54,4327,5.7
45915017686,3,1,2,23.46,6,7038,147798,1132019,0,801388888888889,140.76,7038,6.4
61618710016,1,1,1,95.54,7,33439,702219,392019,0,608333333333333,668.78,33439,9.6
83715517229,2,1,2,47.44,1,2372,49812,2222019,0,763194444444444,47.44,2372,6.8
75116910068,2,1,2,99.24,9,44658,937818,3192019,0,797916666666667,893.16,44658,9
25717311380,3,2,2,82.93,4,16586,348306,1202019,0,702083333333333,331.72,16586,9.6
34510814992,3,1,2,33.99,6,10197,214137,382019,0,650694444444444,203.94,10197,7.7
54919614200,1,2,1,17.04,4,3408,71568,382019,0,84375,68.16,3408,7
81016016344,3,1,2,40.86,8,16344,343224,272019,0,609722222222222,326.88,16344,6.5
45012812866,3,2,1,17.44,5,4.36,91.56,1152019,0,809027777777778,87.2,4.36,8.1
39413013170,3,2,1,88.43,8,35372,742812,3222019,0,815972222222222,707.44,35372,4.3
13811715109,2,2,2,89.21,9,401445,8430345,1152019,0,654166666666667,802.89,401445,6.5
19219817397,1,1,1,12.78,1,0.639,13419,182019,0,590972222222222,12.78,0.639,9.5
30111119629,3,1,1,19.1,7,6685,140385,1152019,0,446527777777778,133.7,6685,9.7
39018015128,1,2,2,19.15,1,0.9575,201075,1282019,0,748611111111111,19.15,0.9575,9.5
23514618343,2,2,2,27.66,10,13.83,290.43,2142019,0,476388888888889,276.6,13.83,8.9
45311217053,3,1,1,45.74,3,6861,144081,3102019,0,734722222222222,137.22,6861,6.5
29611117041,3,2,1,27.07,1,13535,284235,1122019,0,838194444444444,27.07,13535,5.3
44912712918,2,2,1,39.12,1,1956,41076,3262019,0,459722222222222,39.12,1956,9.6
89110117034,2,1,2,74.71,6,22413,470673,112019,0,796527777777778,448.26,22413,6.7
74410915786,2,1,1,22.01,6,6603,138663,122019,0,784722222222222,132.06,6603,7.6
72711710390,2,1,2,63.61,5,159025,3339525,3162019,0,529861111111111,318.05,159025,4.8
56818813448,1,1,2,25,1,1.25,26.25,332019,0,63125,25,1.25,5.5
18718315490,1,2,1,20.77,4,4154,87234,1312019,0,574305555555556,83.08,4154,4.7
76715411907,1,2,1,29.56,5,7.39,155.19,2132019,0,707638888888889,147.8,7.39,6.9
71014614433,2,2,2,77.4,9,34.83,731.43,2152019,0,59375,696.6,34.83,4.5
53313315337,2,1,1,79.39,10,39695,833595,272019,0,85,793.9,39695,6.2
32519018763,2,2,2,46.57,10,23285,488985,1272019,0,581944444444444,465.7,23285,7.6
72914617422,3,1,2,35.89,1,17945,376845,2232019,0,702777777777778,35.89,17945,7.9
63917611242,3,1,1,40.52,5,10.13,212.73,232019,0,638194444444444,202.6,10.13,4.5
23410314040,3,2,1,73.05,10,36525,767025,332019,0,517361111111111,730.5,36525,8.7
32617112155,2,1,1,73.95,4,14.79,310.59,232019,0,418055555555556,295.8,14.79,6.1
32013218842,3,2,2,22.62,1,1131,23751,3172019,0,790277777777778,22.62,1131,6.4
47013219057,3,2,1,51.34,5,12835,269535,3282019,0,646527777777778,256.7,12835,9.1
87813012331,1,2,1,54.55,10,27275,572775,322019,0,473611111111111,545.5,27275,7.1
44015915691,3,2,2,37.15,7,130025,2730525,282019,0,55,260.05,130025,7.7
55415313790,3,1,2,37.02,6,11106,233226,3222019,0,772916666666667,222.12,11106,4.5
74611910921,2,1,1,21.58,1,1079,22659,292019,0,418055555555556,21.58,1079,7.2
23313410817,3,2,1,98.84,1,4942,103782,2152019,0,472916666666667,98.84,4942,8.4
76710511286,3,2,1,83.77,6,25131,527751,1232019,0,506944444444444,502.62,25131,5.4
34012119136,3,2,2,40.05,4,8.01,168.21,1252019,0,486111111111111,160.2,8.01,9.7
40513113305,1,2,2,43.13,10,21565,452865,222019,0,771527777777778,431.3,21565,5.5
73115917531,1,2,1,72.57,8,29028,609588,3302019,0,748611111111111,580.56,29028,4.6
67613916028,2,2,2,64.44,5,16.11,338.31,3302019,0,711111111111111,322.2,16.11,6.6
50210511910,1,1,1,65.18,3,9777,205317,2252019,0,857638888888889,195.54,9777,6.3
48513018700,1,1,2,33.26,5,8315,174615,3182019,0,673611111111111,166.3,8315,4.2
59814719715,1,1,2,84.07,4,16814,353094,372019,0,704166666666667,336.28,16814,4.4
70116918742,3,1,2,34.37,10,17185,360885,3162019,0,424305555555556,343.7,17185,6.7
57516711508,2,1,2,38.6,1,1.93,40.53,1292019,0,476388888888889,38.6,1.93,6.7
54110813113,1,1,1,65.97,8,26388,554148,222019,0,853472222222222,527.76,26388,8.4
24611113901,3,1,2,32.8,10,16.4,344.4,2152019,0,508333333333333,328,16.4,6.2
67411519296,3,1,2,37.14,5,9285,194985,182019,0,545138888888889,185.7,9285,5
30511813552,1,2,1,60.38,10,30.19,633.99,2122019,0,679861111111111,603.8,30.19,6
49316516248,2,2,1,36.98,10,18.49,388.29,112019,0,825,369.8,18.49,7
43810114015,3,2,1,49.49,4,9898,207858,3212019,0,642361111111111,197.96,9898,6.6
70915814068,2,1,2,41.09,10,20545,431445,2282019,0,6125,410.9,20545,7.3
79514917276,2,1,2,37.15,4,7.43,156.03,3232019,0,790972222222222,148.6,7.43,8.3
55617218512,1,1,1,22.96,1,1148,24108,1302019,0,865972222222222,22.96,1148,4.3
62719513243,3,2,1,77.68,9,34956,734076,242019,0,55625,699.12,34956,9.8
68614110932,2,1,1,34.7,2,3.47,72.87,3132019,0,825,69.4,3.47,8.2
51010915628,2,2,1,19.66,10,9.83,206.43,3152019,0,763888888888889,196.6,9.83,7.2
60810413797,1,2,1,25.32,8,10128,212688,352019,0,85,202.56,10128,8.7
14818212527,2,2,2,12.12,10,6.06,127.26,352019,0,572222222222222,121.2,6.06,8.4
43715313084,3,1,2,99.89,2,9989,209769,2262019,0,491666666666667,199.78,9989,7.1
63213214574,2,1,1,75.92,8,30368,637728,3202019,0,593055555555556,607.36,30368,5.5
55619717101,2,1,1,63.22,2,6322,132762,112019,0,660416666666667,126.44,6322,8.5
86215918517,3,1,1,90.24,6,27072,568512,1272019,0,470138888888889,541.44,27072,6.2
40111818016,3,2,1,98.13,1,49065,1030365,1212019,0,733333333333333,98.13,49065,8.9
42011818989,2,2,2,51.52,8,20608,432768,222019,0,657638888888889,412.16,20608,9.6
27716312961,1,2,1,73.97,1,36985,776685,232019,0,661805555555556,73.97,36985,5.4
57319818548,2,2,2,31.9,1,1595,33495,152019,0,527777777777778,31.9,1595,9.1
62010212046,3,1,1,69.4,2,6.94,145.74,1272019,0,825,138.8,6.94,9
28213512475,3,1,2,93.31,2,9331,195951,3252019,0,745138888888889,186.62,9331,6.3
51115413087,2,1,2,88.45,1,44225,928725,2252019,0,691666666666667,88.45,44225,9.5
72612916793,2,2,1,24.18,8,9672,203112,1282019,0,870833333333333,193.44,9672,9.8
38714914215,1,2,1,48.5,3,7275,152775,182019,0,534722222222222,145.5,7275,6.7
86211719201,2,1,2,84.05,6,25215,529515,1292019,0,45,504.3,25215,7.7
29112115991,2,2,1,61.29,5,153225,3217725,3292019,0,602777777777778,306.45,153225,7
60218019671,2,2,1,15.95,6,4785,100485,292019,0,71875,95.7,4785,5.1
34717216115,3,2,1,90.74,7,31759,666939,1162019,0,752083333333333,635.18,31759,6.2
20916110206,2,1,1,42.91,5,107275,2252775,152019,0,728472222222222,214.55,107275,6.1
59512714851,1,1,2,54.28,7,18998,398958,1272019,0,753472222222222,379.96,18998,9.3
18915210236,1,1,2,99.55,7,348425,7316925,3142019,0,504861111111111,696.85,348425,7.6
50310710930,1,2,1,58.39,7,204365,4291665,2232019,0,825694444444444,408.73,204365,8.2
41312016708,3,2,2,51.47,1,25735,540435,3182019,0,661111111111111,51.47,25735,8.5
42518512085,3,2,2,54.86,5,13715,288015,3292019,0,7,274.3,13715,9.8
52111817827,2,2,2,39.39,5,98475,2067975,1222019,0,865277777777778,196.95,98475,8.7
22012811851,3,1,2,34.73,2,3473,72933,312019,0,759722222222222,69.46,3473,9.7
60013819738,1,2,1,71.92,5,17.98,377.58,1172019,0,628472222222222,359.6,17.98,4.3
73419111155,3,1,1,45.71,3,68565,1439865,3262019,0,440277777777778,137.13,68565,7.7
45112815717,2,2,1,83.17,6,24951,523971,3202019,0,474305555555556,499.02,24951,7.3
60918118548,3,2,2,37.44,6,11232,235872,262019,0,579861111111111,224.64,11232,5.9
13311417229,1,1,2,62.87,2,6287,132027,112019,0,488194444444444,125.74,6287,5
53410114457,3,1,1,81.71,6,24513,514773,1272019,0,608333333333333,490.26,24513,8
71918918991,1,2,2,91.41,5,228525,4799025,2252019,0,66875,457.05,228525,7.1
28616216248,1,1,2,39.21,4,7842,164682,1162019,0,835416666666667,156.84,7842,9
33913819982,2,2,1,59.86,2,5986,125706,1132019,0,621527777777778,119.72,5986,6.7
82714415872,2,2,2,54.36,10,27.18,570.78,272019,0,477777777777778,543.6,27.18,6.1
82717717633,2,1,2,98.09,9,441405,9269505,2172019,0,820138888888889,882.81,441405,9.3
28718311405,1,1,2,25.43,6,7629,160209,2122019,0,792361111111111,152.58,7629,7
43511314908,1,2,2,86.68,8,34672,728112,1242019,0,752777777777778,693.44,34672,7.2
85716719057,1,1,1,22.95,10,11475,240975,262019,0,805555555555555,229.5,11475,8.2
23612711144,2,1,1,16.31,9,73395,1541295,3262019,0,438194444444444,146.79,73395,8.4
89210516689,3,1,2,28.32,5,7.08,148.68,3112019,0,561111111111111,141.6,7.08,6.2
58314114548,1,1,1,16.67,7,58345,1225245,272019,0,483333333333333,116.69,58345,7.4
33911214827,3,2,2,73.96,1,3698,77658,152019,0,480555555555556,73.96,3698,5
64313817867,2,1,1,97.94,1,4897,102837,372019,0,488888888888889,97.94,4897,6.9
30818110538,1,1,1,73.05,4,14.61,306.81,2252019,0,719444444444444,292.2,14.61,4.9
35818819262,1,2,2,87.48,6,26244,551124,212019,0,779861111111111,524.88,26244,5.1
46013514390,3,1,2,30.68,3,4602,96642,1222019,0,458333333333333,92.04,4602,9.1
34318710864,1,2,1,75.88,1,3794,79674,132019,0,4375,75.88,3794,7.1
17315011108,3,2,2,20.18,4,4036,84756,2132019,0,509722222222222,80.72,4036,5
24314712663,2,2,1,18.77,6,5631,118251,1282019,0,696527777777778,112.62,5631,5.5
84111818232,3,1,2,71.2,1,3.56,74.76,152019,0,861111111111111,71.2,3.56,9.2
70112315550,2,2,1,38.81,4,7762,163002,3192019,0,569444444444444,155.24,7762,4.9
64715011224,2,1,2,29.42,10,14.71,308.91,1122019,0,682638888888889,294.2,14.71,8.9
54114818554,1,1,1,60.95,9,274275,5759775,172019,0,505555555555556,548.55,274275,6
53912117227,1,1,1,51.54,5,12885,270585,1262019,0,739583333333333,257.7,12885,4.2
21313211216,2,1,2,66.06,6,19818,416178,1232019,0,436111111111111,396.36,19818,7.3
74715817183,1,1,1,57.27,3,85905,1804005,292019,0,854861111111111,171.81,85905,6.5
58215218065,2,1,1,54.31,9,244395,5132295,2222019,0,450694444444444,488.79,244395,8.9
21015711719,2,1,2,58.24,9,26208,550368,252019,0,523611111111111,524.16,26208,9.7
39916914630,2,1,2,22.21,6,6663,139923,372019,0,432638888888889,133.26,6663,8.6
13417512619,3,2,2,19.32,7,6762,142002,3252019,0,785416666666667,135.24,6762,6.9
35614418813,1,1,1,37.48,3,5622,118062,1202019,0,572916666666667,112.44,5622,7.7
19816619832,2,2,1,72.04,2,7204,151284,242019,0,818055555555556,144.08,7204,9.5
28312615248,2,2,2,98.52,10,49.26,1034.46,1302019,0,849305555555556,985.2,49.26,4.5
71213910363,3,2,1,41.66,6,12498,262458,122019,0,641666666666667,249.96,12498,5.6
21815919410,1,2,2,72.42,3,10863,228123,3292019,0,704166666666667,217.26,10863,8.2
17417510888,1,1,2,21.58,9,9711,203931,3142019,0,522222222222222,194.22,9711,7.3
86619917614,2,1,1,89.2,10,44.6,936.6,2112019,0,654166666666667,892,44.6,4.4
13415414720,3,1,2,42.42,8,16968,356328,1302019,0,581944444444444,339.36,16968,5.7
76019012357,2,2,2,74.51,6,22353,469413,3202019,0,630555555555556,447.06,22353,5
51413712845,1,1,1,99.25,2,9925,208425,3202019,0,543055555555556,198.5,9925,9
69819815964,2,1,1,81.21,10,40605,852705,1172019,0,542361111111111,812.1,40605,6.3
71815719773,1,1,1,49.33,10,24665,517965,232019,0,694444444444445,493.3,24665,9.4
65118817328,3,1,1,65.74,9,29583,621243,112019,0,579861111111111,591.66,29583,7.7
24111112261,1,1,1,79.86,7,27951,586971,1102019,0,439583333333333,559.02,27951,5.5
40812619866,2,1,1,73.98,7,25893,543753,322019,0,695833333333333,517.86,25893,4.1
83418311826,3,2,2,82.04,5,20.51,430.71,2252019,0,719444444444444,410.2,20.51,7.6
34316113544,2,2,2,26.67,10,13335,280035,1292019,0,491666666666667,266.7,13335,8.6
23914814278,2,2,2,10.13,7,35455,744555,3102019,0,815972222222222,70.91,35455,8.3
35513416244,1,1,2,72.39,2,7239,152019,1132019,0,829861111111111,144.78,7239,8.1
55018418664,2,1,2,85.91,5,214775,4510275,3222019,0,60625,429.55,214775,8.6
33919618318,1,2,2,81.31,7,284585,5976285,312019,0,825694444444444,569.17,284585,6.3
45816110011,2,1,2,60.3,4,12.06,253.26,2202019,0,779861111111111,241.2,12.06,5.8
59213416155,2,1,1,31.77,4,6354,133434,1142019,0,613194444444444,127.08,6354,6.2
79718810493,3,1,2,64.27,4,12854,269934,3262019,0,579166666666667,257.08,12854,7.7
20717311363,1,1,2,69.51,2,6951,145971,312019,0,510416666666667,139.02,6951,8.1
39013116381,2,1,1,27.22,3,4083,85743,172019,0,525694444444444,81.66,4083,7.3
44318210585,3,2,1,77.68,4,15536,326256,212019,0,829166666666667,310.72,15536,8.4
33911817061,1,2,1,92.98,2,9298,195258,2132019,0,629166666666667,185.96,9298,8
35919013665,3,2,2,18.08,4,3616,75936,1142019,0,752083333333333,72.32,3616,9.5
37517213056,2,1,2,63.06,3,9459,198639,1192019,0,665277777777778,189.18,9459,7
12714716963,2,1,1,51.71,4,10342,217182,392019,0,578472222222222,206.84,10342,9.8
27818612735,1,1,1,52.34,3,7851,164871,3272019,0,585416666666667,157.02,7851,9.2
69512816250,1,1,2,43.06,5,10765,226065,242019,0,693055555555556,215.3,10765,7.7
37911716588,1,1,2,59.61,10,29805,625905,3142019,0,463194444444444,596.1,29805,5.3
22715013718,3,1,2,14.62,5,3655,76755,342019,0,515972222222222,73.1,3655,4.4
30211512162,1,2,1,46.53,6,13959,293139,332019,0,454166666666667,279.18,13959,4.3
78810718452,3,2,1,24.24,7,8484,178164,1272019,0,734722222222222,169.68,8484,9.4
56014916611,3,2,1,45.58,1,2279,47859,272019,0,592361111111111,45.58,2279,9.8
88013510356,1,2,2,75.2,3,11.28,236.88,252019,0,49375,225.6,11.28,4.8
58511116748,1,2,2,96.8,3,14.52,304.92,3152019,0,545138888888889,290.4,14.52,5.3
47013113286,2,1,2,14.82,3,2223,46683,312019,0,479166666666667,44.46,2223,8.7
15216812907,2,1,1,52.2,3,7.83,164.43,2152019,0,5625,156.6,7.83,9.5
12313514896,1,1,1,46.66,9,20997,440937,2172019,0,799305555555556,419.94,20997,5.3
25816917810,3,1,1,36.85,5,92125,1934625,1262019,0,786805555555556,184.25,92125,9.2
33416412006,3,2,2,70.32,2,7032,147672,3242019,0,598611111111111,140.64,7032,9.6
21916114139,1,1,1,83.08,1,4154,87234,1232019,0,719444444444444,83.08,4154,6.4
88114117302,3,1,2,64.99,1,32495,682395,1262019,0,420833333333333,64.99,32495,4.5
37310914567,3,1,1,77.56,10,38.78,814.38,3142019,0,857638888888889,775.6,38.78,6.9
64213016693,3,1,1,54.51,6,16353,343413,3172019,0,579166666666667,327.06,16353,7.8
48412218230,2,2,2,51.89,7,181615,3813915,182019,0,838888888888889,363.23,181615,4.5
83015812383,3,1,1,31.75,4,6.35,133.35,282019,0,643055555555556,127,6.35,8.6
55919819873,2,2,1,53.65,7,187775,3943275,2102019,0,538888888888889,375.55,187775,5.2
54413215024,1,2,2,49.79,4,9958,209118,3282019,0,802777777777778,199.16,9958,6.4
31811210304,3,1,2,30.61,1,15305,321405,1232019,0,513888888888889,30.61,15305,5.2
34919718902,1,2,1,57.89,2,5789,121569,1172019,0,442361111111111,115.78,5789,8.9
42119519805,2,1,1,28.96,1,1448,30408,272019,0,429166666666667,28.96,1448,6.2
27713515865,1,2,2,98.97,9,445365,9352665,392019,0,474305555555556,890.73,445365,6.7
78912318625,3,2,2,93.22,3,13983,293643,1242019,0,489583333333333,279.66,13983,7.2
28415414231,2,2,2,80.93,1,40465,849765,1192019,0,672222222222222,80.93,40465,9
44315910061,3,2,1,67.45,10,33725,708225,232019,0,475694444444444,674.5,33725,4.2
50912913912,1,2,2,38.72,9,17424,365904,3202019,0,516666666666667,348.48,17424,4.2
32714019673,1,2,2,72.6,6,21.78,457.38,1132019,0,827083333333333,435.6,21.78,6.9
84011912096,2,2,2,87.91,5,219775,4615275,3142019,0,756944444444445,439.55,219775,4.4
82814616863,3,2,1,98.53,6,29559,620739,1232019,0,473611111111111,591.18,29559,4
64119613695,1,2,1,43.46,6,13038,273798,272019,0,746527777777778,260.76,13038,8.5
42019713340,3,1,1,71.68,3,10752,225792,3282019,0,645833333333333,215.04,10752,9.2
43615414512,1,2,1,91.61,1,45805,961905,3202019,0,822222222222222,91.61,45805,9.8
67017916321,1,2,1,94.59,7,331065,6952365,1172019,0,64375,662.13,331065,4.9
85216217105,2,1,2,83.25,10,41625,874125,1122019,0,475694444444444,832.5,41625,4.4
59810617312,2,2,1,91.35,1,45675,959175,2162019,0,654166666666667,91.35,45675,6.8
13511318269,2,2,2,78.88,2,7888,165648,1262019,0,669444444444444,157.76,7888,9.1
81615712053,2,1,2,60.87,2,6087,127827,392019,0,525694444444444,121.74,6087,8.7
62819018624,1,2,2,82.58,10,41.29,867.09,3142019,0,611805555555556,825.8,41.29,5
85616612701,2,2,1,53.3,3,7995,167895,1252019,0,596527777777778,159.9,7995,7.5
30813911707,1,1,2,12.09,1,0.6045,126945,1262019,0,763194444444444,12.09,0.6045,8.2
14916111929,1,1,2,64.19,10,32095,673995,1192019,0,588888888888889,641.9,32095,6.7
65510712265,1,1,2,78.31,3,117465,2466765,352019,0,693055555555556,234.93,117465,5.4
58910218023,1,2,2,83.77,2,8377,175917,1152019,0,454166666666667,167.54,8377,7
42010417590,1,1,2,99.7,3,14955,314055,3182019,0,478472222222222,299.1,14955,4.7
18218812763,2,2,2,79.91,3,119865,2517165,3202019,0,811111111111111,239.73,119865,5
18815510967,2,2,2,66.47,10,33235,697935,1152019,0,625694444444444,664.7,33235,5
61014614100,2,1,1,28.95,7,101325,2127825,332019,0,854861111111111,202.65,101325,6
31818112368,1,1,1,46.2,1,2.31,48.51,3192019,0,511111111111111,46.2,2.31,6.3
36413318584,3,2,2,17.63,5,44075,925575,382019,0,64375,88.15,44075,8.5
66516319737,2,1,1,52.42,3,7863,165123,2272019,0,733333333333333,157.26,7863,7.5
69510915146,2,2,1,98.79,3,148185,3111885,2232019,0,833333333333333,296.37,148185,6.4
15514513814,2,2,2,88.55,8,35.42,743.82,3192019,0,645138888888889,708.4,35.42,4.7
79413212436,3,2,1,55.67,2,5567,116907,3272019,0,630555555555556,111.34,5567,6
13111518856,2,2,2,72.52,8,29008,609168,3302019,0,809722222222222,580.16,29008,4
27318412164,3,2,2,12.05,5,30125,632625,2162019,0,661805555555556,60.25,30125,5.5
70613616154,3,2,2,19.36,9,8712,182952,1182019,0,779861111111111,174.24,8712,8.7
77818917974,1,1,2,70.21,6,21063,442323,3302019,0,623611111111111,421.26,21063,7.4
57413118277,3,2,1,33.63,1,16815,353115,3202019,0,829861111111111,33.63,16815,5.6
85917110933,2,2,2,15.49,2,1549,32529,1162019,0,631944444444444,30.98,1549,6.3
74011115257,3,1,2,24.74,10,12.37,259.77,2242019,0,697222222222222,247.4,12.37,7.1
36918212676,3,1,1,75.66,5,18915,397215,1152019,0,765277777777778,378.3,18915,7.8
56314714072,2,1,2,55.81,6,16743,351603,1222019,0,494444444444444,334.86,16743,9.9
74210415161,2,2,2,72.78,10,36.39,764.19,232019,0,725,727.8,36.39,7.3
14911517606,1,2,2,37.32,9,16794,352674,362019,0,646527777777778,335.88,16794,5.1
13317713154,2,2,1,60.18,4,12036,252756,2162019,0,752777777777778,240.72,12036,9.4
16915214504,2,1,1,15.69,3,23535,494235,3142019,0,592361111111111,47.07,23535,5.8
25018117186,1,1,1,99.69,1,49845,1046745,2272019,0,432638888888889,99.69,49845,8
56211215430,3,2,1,88.15,3,132225,2776725,1182019,0,424305555555556,264.45,132225,7.9
81617218853,1,2,2,27.93,5,69825,1466325,1292019,0,658333333333333,139.65,69825,5.9
49113813499,1,2,1,55.45,1,27725,582225,2262019,0,740277777777778,55.45,27725,4.9
32210212271,1,1,2,42.97,3,64455,1353555,232019,0,490277777777778,128.91,64455,9.3
84212914695,2,2,1,17.14,7,5999,125979,1162019,0,504861111111111,119.98,5999,7.9
72516712480,3,2,1,58.75,6,17625,370125,3242019,0,759722222222222,352.5,17625,5.9
64115112661,2,2,1,87.1,10,43.55,914.55,2122019,0,614583333333333,871,43.55,9.9
71410213114,3,1,1,98.8,2,9.88,207.48,2212019,0,485416666666667,197.6,9.88,7.7
51811712983,3,1,2,48.63,4,9726,204246,242019,0,655555555555556,194.52,9726,7.6
77914212410,1,2,1,57.74,3,8661,181881,2202019,0,545833333333333,173.22,8661,7.7
19011413147,2,1,1,17.97,4,3594,75474,2232019,0,863194444444444,71.88,3594,6.4
40816616712,2,2,1,47.71,6,14313,300573,2162019,0,596527777777778,286.26,14313,4.4
67912216530,3,1,2,40.62,2,4062,85302,1172019,0,417361111111111,81.24,4062,4.1
58814718641,2,2,2,56.04,10,28.02,588.42,1142019,0,8125,560.4,28.02,4.4
64216114706,1,2,1,93.4,2,9.34,196.14,3302019,0,690277777777778,186.8,9.34,5.5
57613114774,2,1,2,73.41,3,110115,2312415,322019,0,548611111111111,220.23,110115,4
55614116224,2,1,1,33.64,8,13456,282576,2152019,0,715277777777778,269.12,13456,9.3
81110318790,3,1,2,45.48,10,22.74,477.54,312019,0,431944444444444,454.8,22.74,4.8
24211113142,1,2,1,83.77,2,8377,175917,2242019,0,83125,167.54,8377,4.6
75212313760,2,2,1,64.08,7,22428,470988,2192019,0,811805555555556,448.56,22428,7.3
27410515470,2,2,2,73.47,4,14694,308574,2232019,0,770833333333333,293.88,14694,6
64819413045,1,1,2,58.95,10,29475,618975,272019,0,602083333333333,589.5,29475,8.1
13016714723,3,2,1,48.5,6,14.55,305.55,1112019,0,58125,291,14.55,9.4
52818715606,1,2,1,39.48,1,1974,41454,2122019,0,821527777777778,39.48,1974,6.5
32018512052,2,1,1,34.81,1,17405,365505,1142019,0,424305555555556,34.81,17405,7
37019610655,2,1,2,49.32,6,14796,310716,192019,0,573611111111111,295.92,14796,7.1
10511016182,3,2,1,21.48,2,2148,45108,2272019,0,515277777777778,42.96,2148,6.6
51017910415,1,2,1,23.08,6,6924,145404,1242019,0,805555555555555,138.48,6924,4.9
24119615076,2,2,1,49.1,2,4.91,103.11,182019,0,540277777777778,98.2,4.91,6.4
76719714650,2,2,2,64.83,2,6483,136143,182019,0,499305555555556,129.66,6483,8
64818311321,2,2,2,63.56,10,31.78,667.38,1162019,0,749305555555556,635.6,31.78,4.3
17315712300,1,2,1,72.88,2,7288,153048,3132019,0,535416666666667,145.76,7288,6.1
30510312383,3,1,1,67.1,3,10065,211365,2152019,0,441666666666667,201.3,10065,7.5
39415516384,1,2,2,70.19,9,315855,6632955,1252019,0,568055555555556,631.71,315855,6.7
26612016657,3,2,2,55.04,7,19264,404544,3122019,0,81875,385.28,19264,5.2
68910511884,3,2,1,48.63,10,24315,510615,342019,0,530555555555556,486.3,24315,8.8
19610112849,1,2,1,73.38,7,25683,539343,2102019,0,580555555555556,513.66,25683,9.5
37216215264,3,1,1,52.6,9,23.67,497.07,1162019,0,6125,473.4,23.67,7.6
80010918606,3,2,1,87.37,5,218425,4586925,1292019,0,822916666666667,436.85,218425,6.6
18215217000,1,2,2,27.04,4,5408,113568,112019,0,851388888888889,108.16,5408,6.9
82615818051,1,1,2,62.19,4,12438,261198,162019,0,823611111111111,248.76,12438,4.3
86810610466,2,2,2,69.58,9,31311,657531,2192019,0,818055555555556,626.22,31311,7.8
75114119720,1,1,1,97.5,10,48.75,1023.75,1122019,0,679166666666667,975,48.75,8
62614317888,3,1,2,60.41,8,24164,507444,272019,0,515972222222222,483.28,24164,9.6
17616417711,3,1,1,32.32,3,4848,101808,3272019,0,799305555555556,96.96,4848,4.3
19112910321,2,2,2,19.77,10,9885,207585,2272019,0,789583333333333,197.7,9885,5
72910612010,2,2,1,80.47,9,362115,7604415,162019,0,470833333333333,724.23,362115,9.2
64014815028,2,2,2,88.39,9,397755,8352855,322019,0,527777777777778,795.51,397755,6.3
18617919562,2,1,1,71.77,7,251195,5275095,3292019,0,5875,502.39,251195,8.9
83414515519,2,1,2,43,4,8.6,180.6,1312019,0,866666666666667,172,8.6,7.6
16216518559,2,2,2,68.98,1,3449,72429,1212019,0,842361111111111,68.98,3449,4.8
76012715490,3,1,2,15.62,8,6248,131208,1202019,0,859027777777778,124.96,6248,9.1
44513019252,3,1,2,25.7,3,3855,80955,1172019,0,749305555555556,77.1,3855,6.1
78619412700,1,2,1,80.62,6,24186,507906,2282019,0,845833333333333,483.72,24186,9.1
72818817867,1,2,1,75.53,4,15106,317226,3192019,0,661111111111111,302.12,15106,8.3
18312113799,3,1,1,77.63,9,349335,7336035,2192019,0,634722222222222,698.67,349335,7.2
26812013585,3,1,2,13.85,9,62325,1308825,242019,0,534722222222222,124.65,62325,6
73513219839,3,2,1,98.7,8,39.48,829.08,1312019,0,441666666666667,789.6,39.48,8.5
25819217466,3,1,1,35.68,5,8.92,187.32,262019,0,772916666666667,178.4,8.92,6.6
85711613520,1,2,2,71.46,7,25011,525231,3282019,0,670833333333333,500.22,25011,4.5
48211711179,1,2,2,11.94,3,1791,37611,1192019,0,532638888888889,35.82,1791,8.1
78812115741,1,1,1,45.38,3,6807,142947,2172019,0,565277777777778,136.14,6807,7.2
82111419046,1,2,1,17.48,6,5244,110124,1182019,0,627777777777778,104.88,5244,6.1
41810510656,2,1,1,25.56,7,8946,187866,222019,0,8625,178.92,8946,7.1
67817910726,2,2,2,90.63,9,407835,8564535,1182019,0,644444444444444,815.67,407835,5.1
77616811096,3,1,1,44.12,3,6618,138978,3182019,0,572916666666667,132.36,6618,7.9
59214611692,2,2,2,36.77,7,128695,2702595,1112019,0,840277777777778,257.39,128695,7.4
43413519162,3,2,1,23.34,4,4668,98028,242019,0,786805555555556,93.36,4668,7.4
14911410304,2,2,2,28.5,8,11.4,239.4,262019,0,6,228,11.4,6.6
44214416497,3,2,2,55.57,3,83355,1750455,182019,0,4875,166.71,83355,5.9
17416410215,3,1,2,69.74,10,34.87,732.27,352019,0,742361111111111,697.4,34.87,8.9
21017419613,2,1,1,97.26,4,19452,408492,3162019,0,647916666666667,389.04,19452,6.8
29912910180,3,2,1,52.18,7,18263,383523,392019,0,454166666666667,365.26,18263,9.3
24711112470,2,2,2,22.32,4,4464,93744,312019,0,682638888888889,89.28,4464,4.4
63512815728,1,1,2,56,3,8.4,176.4,2282019,0,814583333333333,168,8.4,4.8
75614910168,1,2,2,19.7,1,0.985,20685,282019,0,485416666666667,19.7,0.985,9.5
43812311242,1,1,2,75.88,7,26558,557718,1242019,0,443055555555556,531.16,26558,8.9
23814516950,2,2,2,53.72,1,2686,56406,312019,0,835416666666667,53.72,2686,6.4
60716512441,2,2,1,81.95,10,40975,860475,3102019,0,527083333333333,819.5,40975,6
38612717606,3,2,2,81.2,7,28.42,596.82,3232019,0,665972222222222,568.4,28.42,8.1
13716315492,3,1,2,58.76,10,29.38,616.98,1292019,0,601388888888889,587.6,29.38,9
19717717132,3,2,2,91.56,8,36624,769104,1122019,0,765277777777778,732.48,36624,6
80518610265,2,1,2,93.96,9,42282,887922,3202019,0,480555555555556,845.64,42282,9.8
73312911227,1,1,2,55.61,7,194635,4087335,3232019,0,528472222222222,389.27,194635,8.5
45117312711,3,1,1,84.83,1,42415,890715,1142019,0,638888888888889,84.83,42415,8.8
37311410504,3,2,2,71.63,2,7163,150423,2122019,0,60625,143.26,7163,8.8
54618012899,1,2,1,37.69,2,3769,79149,2202019,0,645138888888889,75.38,3769,9.5
34516819016,1,2,1,31.67,8,12668,266028,122019,0,679861111111111,253.36,12668,5.6
39011715806,3,2,2,38.42,1,1921,40341,222019,0,689583333333333,38.42,1921,8.6
45711311708,3,2,1,65.23,10,32615,684915,182019,0,796527777777778,652.3,32615,5.2
66411412882,2,2,1,10.53,5,26325,552825,1302019,0,613194444444444,52.65,26325,5.8
48717916868,3,2,2,12.29,9,55305,1161405,3262019,0,811111111111111,110.61,55305,8
31412314520,2,2,1,81.23,7,284305,5970405,1152019,0,863888888888889,568.61,284305,9
21013017976,3,2,1,22.32,4,4464,93744,3142019,0,469444444444444,89.28,4464,4.1
58518618361,2,1,1,27.28,5,6.82,143.22,232019,0,438194444444444,136.4,6.82,8.6
80711417833,1,2,2,17.42,10,8.71,182.91,2222019,0,520833333333333,174.2,8.71,7
77517211988,1,1,1,73.28,5,18.32,384.72,1242019,0,628472222222222,366.4,18.32,8.4
28813813758,2,2,1,84.87,3,127305,2673405,1252019,0,770833333333333,254.61,127305,7.4
65214316591,3,1,1,97.29,8,38916,817236,392019,0,554166666666667,778.32,38916,6.2
78519610615,1,2,1,35.74,8,14296,300216,2172019,0,644444444444444,285.92,14296,4.9
40614617107,2,1,2,96.52,6,28956,608076,1112019,0,494444444444444,579.12,28956,4.5
25011715703,1,2,1,18.85,10,9425,197925,2272019,0,766666666666667,188.5,9425,5.6
15619513964,1,1,1,55.39,4,11078,232638,3252019,0,638194444444444,221.56,11078,8
84214018179,1,2,2,77.2,10,38.6,810.6,2112019,0,443055555555556,772,38.6,5.6
52510918450,2,1,1,72.13,10,36065,757365,1312019,0,633333333333333,721.3,36065,4.2
41016711709,2,2,1,63.88,8,25552,536592,1202019,0,741666666666667,511.04,25552,9.9
58717314862,1,2,2,10.69,5,26725,561225,3262019,0,463194444444444,53.45,26725,7.6
78718712010,1,2,1,55.5,4,11.1,233.1,1202019,0,658333333333333,222,11.1,6.6
59311414239,1,1,1,95.46,8,38184,801864,352019,0,819444444444445,763.68,38184,4.7
80118810346,2,1,2,76.06,3,11409,239589,152019,0,854166666666667,228.18,11409,9.8
38817612555,3,1,1,13.69,6,4107,86247,2132019,0,582638888888889,82.14,4107,6.3
71113111234,2,1,1,95.64,4,19128,401688,3162019,0,785416666666667,382.56,19128,7.9
88615416089,2,1,1,11.43,6,3429,72009,1152019,0,725,68.58,3429,7.7
70713217409,1,2,1,95.54,4,19108,401268,2262019,0,498611111111111,382.16,19108,4.5
75919814285,2,2,1,85.87,7,300545,6311445,2272019,0,792361111111111,601.09,300545,8
20116318275,3,2,1,67.99,7,237965,4997265,2172019,0,701388888888889,475.93,237965,5.7
47110618611,3,1,2,52.42,1,2621,55041,262019,0,431944444444444,52.42,2621,6.3
20011615952,3,2,1,65.65,2,6565,137865,1172019,0,698611111111111,131.3,6565,6
12015412248,3,1,2,28.86,5,7215,151515,1222019,0,755555555555556,144.3,7215,8
10217712261,2,2,2,65.31,7,228585,4800285,352019,0,751388888888889,457.17,228585,4.2
87513118302,3,1,2,93.38,1,4669,98049,132019,0,546527777777778,93.38,4669,9.6
10210612002,2,2,2,25.25,5,63125,1325625,3202019,0,744444444444444,126.25,63125,6.1
45719410464,3,2,2,87.87,9,395415,8303715,1312019,0,855555555555556,790.83,395415,5.6
62914214133,2,1,1,21.8,8,8.72,183.12,2192019,0,808333333333333,174.4,8.72,8.3
53415313526,3,1,1,94.76,4,18952,397992,2112019,0,670833333333333,379.04,18952,7.8
30710412070,1,2,1,30.62,1,1531,32151,252019,0,593055555555556,30.62,1531,4.1
46819917231,1,1,1,44.01,8,17604,369684,332019,0,733333333333333,352.08,17604,8.8
51617716464,3,2,2,10.16,5,2.54,53.34,2242019,0,547222222222222,50.8,2.54,4.1
40419115964,3,1,2,74.58,7,26103,548163,242019,0,672916666666667,522.06,26103,9
88617719084,1,1,1,71.89,8,28756,603876,2192019,0,48125,575.12,28756,5.5
79013814466,3,1,2,10.99,5,27475,576975,1232019,0,429166666666667,54.95,27475,9.3
70411014056,3,2,2,60.47,3,90705,1904805,1142019,0,454861111111111,181.41,90705,5.6
49713716538,3,1,2,58.91,7,206185,4329885,1172019,0,635416666666667,412.37,206185,9.7
65119615970,1,1,2,46.41,1,23205,487305,332019,0,8375,46.41,23205,4
40018014065,1,2,1,68.55,4,13.71,287.91,2152019,0,847916666666667,274.2,13.71,9.2
74411617898,3,1,2,97.37,10,48685,1022385,1152019,0,575,973.7,48685,4.9
26311215321,2,2,1,92.6,7,32.41,680.61,2272019,0,536111111111111,648.2,32.41,9.3
70217210487,1,1,2,46.61,2,4661,97881,2262019,0,519444444444444,93.22,4661,6.6
60518311050,1,1,1,27.18,2,2718,57078,3152019,0,684722222222222,54.36,2718,4.3
44316019639,2,2,1,60.87,1,30435,639135,1242019,0,558333333333333,60.87,30435,5.5
86412417918,3,2,2,24.49,10,12245,257145,2222019,0,635416666666667,244.9,12245,8.1
35919415395,1,1,2,92.78,1,4639,97419,3152019,0,451388888888889,92.78,4639,9.8
40110914232,2,2,2,86.69,5,216725,4551225,2112019,0,776388888888889,433.45,216725,9.4
75111516198,3,1,1,23.01,6,6903,144963,1122019,0,697916666666667,138.06,6903,7.9
32414116833,2,2,2,30.2,8,12.08,253.68,332019,0,8125,241.6,12.08,5.1
47413318305,3,2,1,67.39,7,235865,4953165,3232019,0,557638888888889,471.73,235865,6.9
75912919521,3,2,1,48.96,9,22032,462672,342019,0,477083333333333,440.64,22032,8
83118116575,1,2,1,75.59,9,340155,7143255,2232019,0,466666666666667,680.31,340155,8
22016816701,2,1,1,77.47,4,15494,325374,3172019,0,691666666666667,309.88,15494,4.2
61813418551,1,1,1,93.18,2,9318,195678,1162019,0,778472222222222,186.36,9318,8.5
25716017754,1,1,1,50.23,4,10046,210966,182019,0,716666666666667,200.92,10046,9
55916115987,1,1,1,17.75,1,0.8875,186375,1142019,0,443055555555556,17.75,0.8875,8.6
18915512313,2,1,2,62.18,10,31.09,652.89,1312019,0,439583333333333,621.8,31.09,6
56519114567,3,1,1,10.75,8,4.3,90.3,3152019,0,609722222222222,86,4.3,6.2
38016015336,2,1,1,40.26,10,20.13,422.73,2242019,0,754166666666667,402.6,20.13,5
81510416282,1,2,2,64.97,5,162425,3410925,282019,0,536111111111111,324.85,162425,6.5
67415616360,3,1,1,95.15,1,47575,999075,3222019,0,583333333333333,95.15,47575,6
77813412523,1,2,1,48.62,8,19448,408408,1242019,0,45625,388.96,19448,5
49912717781,1,1,1,53.21,8,21284,446964,3142019,0,697916666666667,425.68,21284,5
47715912456,2,1,2,45.44,7,15904,333984,1232019,0,46875,318.08,15904,9.2
83215116761,3,1,2,33.88,8,13552,284592,1192019,0,853472222222222,271.04,13552,9.6
86911113082,1,2,2,96.16,4,19232,403872,1272019,0,835416666666667,384.64,19232,8.4
19015913964,2,2,2,47.16,5,11.79,247.59,232019,0,607638888888889,235.8,11.79,6
36614316862,2,1,1,52.89,4,10578,222138,3252019,0,688888888888889,211.56,10578,6.7
18614318965,2,2,2,47.68,2,4768,100128,2242019,0,423611111111111,95.36,4768,4.1
78412119238,1,2,1,10.17,1,0.5085,106785,272019,0,59375,10.17,0.5085,5.9
27617516884,3,1,1,68.71,3,103065,2164365,342019,0,420138888888889,206.13,103065,8.7
10918614363,1,2,1,60.08,7,21028,441588,2142019,0,483333333333333,420.56,21028,4.5
56917612760,2,2,1,22.01,4,4402,92442,1292019,0,760416666666667,88.04,4402,6.6
22214210244,1,2,2,72.11,9,324495,6814395,1282019,0,578472222222222,648.99,324495,7.7
76015319233,2,2,2,41.28,3,6192,130032,3262019,0,775694444444444,123.84,6192,8.5
53812210304,1,1,1,64.95,10,32475,681975,3242019,0,76875,649.5,32475,5.2
41611719926,3,2,2,74.22,10,37.11,779.31,112019,0,6125,742.2,37.11,4.3
23714416163,1,1,2,10.56,8,4224,88704,1242019,0,738194444444444,84.48,4224,7.6
63611710325,1,1,1,62.57,4,12514,262794,2252019,0,775694444444444,250.28,12514,9.5
34317519322,2,2,2,11.85,8,4.74,99.54,192019,0,690277777777778,94.8,4.74,4.1
52811419470,2,2,1,91.3,1,4565,95865,2142019,0,6125,91.3,4565,9.2
42714519297,1,2,2,40.73,7,142555,2993655,3122019,0,459027777777778,285.11,142555,5.4
80713413742,2,1,2,52.38,1,2619,54999,3262019,0,822222222222222,52.38,2619,5.8
28816211085,1,2,2,38.54,5,9635,202335,192019,0,565277777777778,192.7,9635,5.6
67017117306,1,1,2,44.63,6,13389,281169,122019,0,838888888888889,267.78,13389,5.1
66012917083,2,1,1,55.87,10,27935,586635,1152019,0,625694444444444,558.7,27935,5.8
27117718740,3,2,2,29.22,6,8766,184086,112019,0,486111111111111,175.32,8766,5
49713610989,3,1,2,51.94,3,7791,163611,2152019,0,639583333333333,155.82,7791,7.9
29115911384,1,1,1,60.3,1,3015,63315,2282019,0,734722222222222,60.3,3015,6
86017316466,2,2,1,39.47,2,3947,82887,322019,0,677777777777778,78.94,3947,5
54912319016,1,2,2,14.87,2,1487,31227,2132019,0,760416666666667,29.74,1487,8.9
89613410956,3,1,2,21.32,1,1066,22386,1262019,0,529861111111111,21.32,1066,5.9
80413813935,1,2,2,93.78,3,14067,295407,1302019,0,480555555555556,281.34,14067,5.9
58519010249,1,2,1,73.26,1,3663,76923,1272019,0,755555555555556,73.26,3663,9.7
86212915914,1,1,1,22.38,1,1119,23499,1302019,0,713888888888889,22.38,1119,8.6
84519416841,3,2,1,72.88,9,32796,688716,182019,0,818055555555556,655.92,32796,4
12514512293,3,1,2,99.1,6,29.73,624.33,1192019,0,549305555555556,594.6,29.73,4.2
84317314724,1,1,1,74.1,1,3705,77805,1252019,0,461805555555556,74.1,3705,9.2
40913319708,1,1,2,98.48,2,9848,206808,2192019,0,425,196.96,9848,9.2
65816613967,1,1,1,53.19,7,186165,3909465,1142019,0,654166666666667,372.33,186165,5
86617012814,3,1,1,52.79,10,26395,554295,2252019,0,498611111111111,527.9,26395,10
16012212687,2,2,1,95.95,5,239875,5037375,1232019,0,597916666666667,479.75,239875,8.8
89510316665,1,1,2,36.51,9,164295,3450195,2162019,0,452777777777778,328.59,164295,4.2
77014218960,2,1,1,21.12,8,8448,177408,112019,0,813194444444444,168.96,8448,6.3
74814512862,2,2,2,28.31,4,5662,118902,372019,0,774305555555555,113.24,5662,8.2
23413612483,1,1,1,57.59,6,17277,362817,2152019,0,577083333333333,345.54,17277,5.1
31616613011,2,2,1,47.63,9,214335,4501035,1232019,0,524305555555556,428.67,214335,5
84819516252,1,2,2,86.27,1,43135,905835,2202019,0,558333333333333,86.27,43135,7
84017615966,3,2,1,12.76,2,1276,26796,182019,0,754166666666667,25.52,1276,7.8
15210314217,1,1,1,11.28,9,5076,106596,3172019,0,496527777777778,101.52,5076,4.3
53316615566,2,1,1,51.07,7,178745,3753645,1122019,0,4875,357.49,178745,7
12413111458,2,2,2,79.59,3,119385,2507085,182019,0,604166666666667,238.77,119385,6.6
17617811170,1,2,2,33.81,3,50715,1065015,1262019,0,632638888888889,101.43,50715,7.3
36115910574,3,2,1,90.53,8,36212,760452,3152019,0,616666666666667,724.24,36212,6.5
10118114070,2,2,2,62.82,2,6282,131922,1172019,0,525,125.64,6282,4.9
63113411880,3,2,2,24.31,3,36465,765765,182019,0,797916666666667,72.93,36465,4.3
85218212749,3,1,2,64.59,4,12918,271278,162019,0,565972222222222,258.36,12918,9.3
87311416353,1,2,2,24.82,7,8687,182427,2162019,0,439583333333333,173.74,8687,7.1
58416614073,1,1,1,56.5,1,2825,59325,3132019,0,65625,56.5,2825,9.6
54415519589,3,2,2,21.43,10,10715,225015,1282019,0,49375,214.3,10715,6.2
16611912553,2,2,2,89.06,6,26718,561078,1182019,0,726388888888889,534.36,26718,9.9
73718815876,1,2,2,23.29,4,4658,97818,3192019,0,494444444444444,93.16,4658,5.9
15418717367,1,1,2,65.26,8,26104,548184,3152019,0,586111111111111,522.08,26104,6.3
88515610389,3,2,2,52.35,1,26175,549675,2122019,0,742361111111111,52.35,26175,4
60810513804,3,2,1,39.75,1,19875,417375,2252019,0,846527777777778,39.75,19875,6.1
44816113783,2,1,1,90.02,8,36008,756168,3212019,0,672222222222222,720.16,36008,4.5
76114910439,1,2,1,12.1,8,4.84,101.64,1192019,0,428472222222222,96.8,4.84,8.6
49019510021,2,2,1,33.21,10,16605,348705,182019,0,600694444444444,332.1,16605,6
11513817388,2,2,2,10.18,8,4072,85512,3302019,0,535416666666667,81.44,4072,9.5
31111316971,3,2,1,31.99,10,15995,335895,2202019,0,6375,319.9,15995,9.9
29115516563,2,2,1,34.42,6,10326,216846,3302019,0,53125,206.52,10326,7.5
54814813156,1,2,2,83.34,2,8334,175014,3192019,0,567361111111111,166.68,8334,7.6
46019315834,1,1,2,45.58,7,15953,335013,1132019,0,41875,319.06,15953,5
32518914209,1,2,1,87.9,1,4395,92295,252019,0,820833333333333,87.9,4395,6.7
88418016021,1,2,1,73.47,10,36735,771435,3232019,0,551388888888889,734.7,36735,9.5
13717418729,1,1,2,12.19,8,4876,102396,3132019,0,532638888888889,97.52,4876,6.8
88014615796,3,2,1,76.92,10,38.46,807.66,3172019,0,828472222222222,769.2,38.46,5.6
38917012397,1,1,1,83.66,5,20915,439215,2212019,0,434722222222222,418.3,20915,7.2
11413515271,3,1,1,57.91,8,23164,486444,272019,0,629166666666667,463.28,23164,8.1
60717616216,2,2,2,92.49,5,231225,4855725,322019,0,690972222222222,462.45,231225,8.6
71512011673,3,1,2,28.38,5,7095,148995,362019,0,872916666666667,141.9,7095,9.4
81113511094,2,2,2,50.45,6,15135,317835,262019,0,636111111111111,302.7,15135,8.9
69918811972,2,1,2,99.16,8,39664,832944,1282019,0,740972222222222,793.28,39664,4.2
78118418059,2,1,1,60.74,7,21259,446439,1182019,0,682638888888889,425.18,21259,5
40914916995,3,2,2,47.27,6,14181,297801,252019,0,428472222222222,283.62,14181,8.8
72515410677,3,2,2,85.6,7,29.96,629.16,322019,0,576388888888889,599.2,29.96,5.3
14610915432,3,2,1,35.04,9,15768,331128,292019,0,803472222222222,315.36,15768,4.6
37717917592,1,2,2,44.84,9,20178,423738,1142019,0,583333333333333,403.56,20178,7.5
50911010516,3,1,1,45.97,4,9194,193074,292019,0,501388888888889,183.88,9194,5.1
59519419924,2,2,2,27.73,5,69325,1455825,3262019,0,847916666666667,138.65,69325,4.2
86514119075,1,1,1,11.53,7,40355,847455,1282019,0,732638888888889,80.71,40355,8.1
54510718534,1,1,1,58.32,2,5832,122472,2142019,0,529166666666667,116.64,5832,6
11816211812,3,2,2,78.38,4,15676,329196,3242019,0,747222222222222,313.52,15676,7.9
45014213339,3,1,1,84.61,10,42305,888405,292019,0,790277777777778,846.1,42305,8.8
85119813555,3,1,1,82.88,5,20.72,435.12,3242019,0,588888888888889,414.4,20.72,6.6
18617115196,2,2,1,79.54,2,7954,167034,3272019,0,6875,159.08,7954,6.2
62410118356,1,1,1,49.01,10,24505,514605,1272019,0,447222222222222,490.1,24505,4.2
31316619943,2,2,1,29.15,3,43725,918225,3272019,0,853472222222222,87.45,43725,7.3
15112718496,2,1,1,56.13,4,11226,235746,1192019,0,488194444444444,224.52,11226,8.6
45313316436,3,1,2,93.12,8,37248,782208,272019,0,422916666666667,744.96,37248,6.8
52215718364,1,2,1,51.34,8,20536,431256,1312019,0,416666666666667,410.72,20536,7.6
45914512396,1,2,1,99.6,3,14.94,313.74,2252019,0,78125,298.8,14.94,5.8
71719614189,1,1,2,35.49,6,10647,223587,222019,0,527777777777778,212.94,10647,4.1
72211312115,3,2,1,42.85,1,21425,449925,3142019,0,65,42.85,21425,9.3
74918118133,3,1,2,94.67,4,18934,397614,3112019,0,502777777777778,378.68,18934,6.8
77716712495,1,1,1,68.97,3,103455,2172555,2222019,0,476388888888889,206.91,103455,8.7
63619813364,2,2,1,26.26,3,3939,82719,322019,0,525,78.78,3939,6.3
24615516923,2,2,1,35.79,9,161055,3382155,3102019,0,629166666666667,322.11,161055,5.1
18118216255,3,1,1,16.37,6,4911,103131,282019,0,456944444444444,98.22,4911,7
83810211821,2,2,1,12.73,2,1273,26733,2222019,0,506944444444444,25.46,1273,5.2
88714210517,3,1,1,83.14,7,29099,611079,1102019,0,438194444444444,581.98,29099,6.6
45711210244,3,2,1,35.22,6,10566,221886,3142019,0,575694444444444,211.32,10566,6.5
22613410034,3,1,2,13.78,4,2756,57876,1102019,0,465277777777778,55.12,2756,9
32114917382,2,2,1,88.31,1,44155,927255,2152019,0,734722222222222,88.31,44155,5.2
39712518725,2,2,1,39.62,9,17829,374409,1132019,0,745833333333333,356.58,17829,6.8
43116612305,1,1,2,88.25,9,397125,8339625,2152019,0,86875,794.25,397125,7.6
82519415922,2,1,2,25.31,2,2531,53151,322019,0,809722222222222,50.62,2531,7.2
64116217288,2,1,1,99.92,6,29976,629496,3242019,0,564583333333333,599.52,29976,7.1
75619311854,2,2,1,83.35,2,8335,175035,222019,0,586805555555556,166.7,8335,9.5
24315518457,3,1,2,74.44,10,37.22,781.62,2272019,0,486111111111111,744.4,37.22,5.1
45811018612,1,1,1,64.08,7,22428,470988,1202019,0,51875,448.56,22428,7.6
50116111753,3,1,2,63.15,6,18945,397845,132019,0,85,378.9,18945,9.8
23510618510,2,2,1,85.72,3,12858,270018,1242019,0,874305555555556,257.16,12858,5.1
43310817822,3,1,1,78.89,7,276115,5798415,152019,0,825,552.23,276115,7.5
36118512571,3,1,1,89.48,5,22.37,469.77,3302019,0,429166666666667,447.4,22.37,7.4
13117018179,1,2,1,92.09,3,138135,2900835,2172019,0,685416666666667,276.27,138135,4.2
50010212261,1,1,2,57.29,6,17187,360927,3212019,0,711111111111111,343.74,17187,5.9
72017212436,3,1,2,66.52,4,13304,279384,322019,0,759722222222222,266.08,13304,6.9
70218315291,1,2,1,99.82,9,44919,943299,3272019,0,446527777777778,898.38,44919,6.6
80916919497,3,1,2,45.68,10,22.84,479.64,1192019,0,8125,456.8,22.84,5.7
44911616770,1,1,2,50.79,5,126975,2666475,2192019,0,620138888888889,253.95,126975,5.3
33312312632,1,2,1,10.08,7,3528,74088,3282019,0,843055555555556,70.56,3528,4.2
48918211237,1,1,2,93.88,7,32858,690018,152019,0,49375,657.16,32858,7.3
85919716048,1,2,2,84.25,2,8425,176925,3262019,0,592361111111111,168.5,8425,5.3
67611012200,3,2,2,53.78,1,2689,56469,232019,0,842361111111111,53.78,2689,4.7
37318811424,2,2,1,35.81,5,89525,1880025,262019,0,780555555555556,179.05,89525,7.9
36511614334,3,1,2,26.43,8,10572,222012,2242019,0,601388888888889,211.44,10572,8.9
50312114385,2,2,1,39.91,3,59865,1257165,2212019,0,527777777777778,119.73,59865,9.3
30518912768,2,2,1,21.9,3,3285,68985,192019,0,779861111111111,65.7,3285,4.7
57418011489,2,2,1,62.85,4,12.57,263.97,2252019,0,556944444444444,251.4,12.57,8.7
78410810310,2,2,2,21.04,4,4208,88368,1132019,0,581944444444444,84.16,4208,7.6
20014016154,3,2,1,65.91,6,19773,415233,292019,0,489583333333333,395.46,19773,5.7
84611010341,2,1,2,42.57,7,148995,3128895,162019,0,49375,297.99,148995,6.8
57713417579,1,2,2,50.49,9,227205,4771305,1102019,0,719444444444444,454.41,227205,5.4
43010213888,3,1,1,46.02,6,13806,289926,272019,0,663194444444444,276.12,13806,7.1
86714711948,2,1,1,15.8,10,7.9,165.9,192019,0,504861111111111,158,7.9,7.8
38415916655,3,2,2,98.66,9,44397,932337,2192019,0,629861111111111,887.94,44397,8.4
25615813609,1,2,2,91.98,1,4599,96579,3182019,0,645138888888889,91.98,4599,9.8
32419213863,3,2,1,20.89,2,2089,43869,252019,0,78125,41.78,2089,9.8
59310815916,1,1,2,15.5,1,0.775,16275,3192019,0,640972222222222,15.5,0.775,7.4
36413412972,1,2,2,96.82,3,14523,304983,3302019,0,859027777777778,290.46,14523,6.7
79414213736,3,1,1,33.33,2,3333,69993,1262019,0,611805555555556,66.66,3333,6.4
17214218274,2,1,1,38.27,2,3827,80367,322019,0,7625,76.54,3827,5.8
55816015016,2,1,2,33.3,9,14985,314685,342019,0,64375,299.7,14985,7.2
19510610432,1,2,1,81.01,3,121515,2551815,1132019,0,538194444444444,243.03,121515,9.3
60510312706,1,1,1,15.8,3,2.37,49.77,3252019,0,751388888888889,47.4,2.37,9.5
21413012776,1,2,1,34.49,5,86225,1810725,3112019,0,822222222222222,172.45,86225,9
74610411077,2,2,2,84.63,10,42315,888615,112019,0,483333333333333,846.3,42315,9
44813418700,2,2,2,36.91,7,129185,2712885,2102019,0,577083333333333,258.37,129185,6.7
45210418808,2,1,2,87.08,7,30478,640038,1262019,0,636805555555556,609.56,30478,5.5
53115614728,2,1,2,80.08,3,12012,252252,2112019,0,645138888888889,240.24,12012,5.4
74418219138,1,1,2,86.13,2,8613,180873,272019,0,749305555555556,172.26,8613,8.2
88316911285,3,2,1,49.92,2,4992,104832,362019,0,496527777777778,99.84,4992,7
22112515073,2,1,2,74.66,4,14932,313572,342019,0,44375,298.64,14932,8.5
51817116847,1,2,1,26.6,6,7.98,167.58,2262019,0,631944444444444,159.6,7.98,4.9
15612010370,2,1,1,25.45,1,12725,267225,3102019,0,756944444444445,25.45,12725,5.1
15113317434,2,1,2,67.77,1,33885,711585,242019,0,863194444444444,67.77,33885,6.5
72814719078,2,2,2,59.59,4,11918,250278,1192019,0,531944444444444,238.36,11918,9.8
80914611866,3,1,1,58.15,4,11.63,244.23,1232019,0,738888888888889,232.6,11.63,8.4
13913214183,1,2,2,97.48,9,43866,921186,3142019,0,596527777777778,877.32,43866,7.4
14814117930,1,1,2,99.96,7,34986,734706,1232019,0,439583333333333,699.72,34986,6.1
18914015216,3,1,1,96.37,7,337295,7083195,192019,0,486111111111111,674.59,337295,6
37413815555,3,1,1,63.71,5,159275,3344775,272019,0,8125,318.55,159275,8.5
76414418999,2,1,2,14.76,2,1476,30996,2182019,0,6125,29.52,1476,4.3
55214415977,2,2,2,62,8,24.8,520.8,132019,0,797222222222222,496,24.8,6.2
26716217380,2,2,2,82.34,10,41.17,864.57,3292019,0,8,823.4,41.17,4.3
43015314718,3,2,1,75.37,8,30148,633108,1282019,0,656944444444444,602.96,30148,8.4
88611812897,2,1,1,56.56,5,14.14,296.94,3222019,0,795833333333333,282.8,14.14,4.5
60211616955,1,1,2,76.6,10,38.3,804.3,1242019,0,756944444444445,766,38.3,6
74517410715,2,1,2,58.03,2,5803,121863,3102019,0,865277777777778,116.06,5803,8.8
69010116631,1,1,1,17.49,10,8745,183645,2222019,0,774305555555555,174.9,8745,6.6
65214916720,2,2,2,60.95,1,30475,639975,2182019,0,486111111111111,60.95,30475,5.9
23316715758,3,1,1,40.35,1,20175,423675,1292019,0,573611111111111,40.35,20175,6.2
30319612227,3,1,2,97.38,10,48.69,1022.49,322019,0,719444444444444,973.8,48.69,4.4
72710211313,2,2,2,31.84,1,1592,33432,292019,0,556944444444444,31.84,1592,7.7
34715612442,1,1,1,65.82,1,3291,69111,2222019,0,647916666666667,65.82,3291,4.1
84910913807,1,2,1,88.34,7,30919,649299,2182019,0,561111111111111,618.38,30919,6.6

40913319708,1,1,2,98.48,2,9848,206808,2192019,0,425,196.96,9848,9.2
65816613967,1,1,1,53.19,7,186165,3909465,1142019,0,654166666666667,372.33,186165,5
86617012814,3,1,1,52.79,10,26395,554295,2252019,0,498611111111111,527.9,26395,10
16012212687,2,2,1,95.95,5,239875,5037375,1232019,0,597916666666667,479.75,239875,8.8
89510316665,1,1,2,36.51,9,164295,3450195,2162019,0,452777777777778,328.59,164295,4.2
77014218960,2,1,1,21.12,8,8448,177408,112019,0,813194444444444,168.96,8448,6.3
74814512862,2,2,2,28.31,4,5662,118902,372019,0,774305555555555,113.24,5662,8.2
23413612483,1,1,1,57.59,6,17277,362817,2152019,0,577083333333333,345.54,17277,5.1
31616613011,2,2,1,47.63,9,214335,4501035,1232019,0,524305555555556,428.67,214335,5
84819516252,1,2,2,86.27,1,43135,905835,2202019,0,558333333333333,86.27,43135,7
84017615966,3,2,1,12.76,2,1276,26796,182019,0,754166666666667,25.52,1276,7.8
15210314217,1,1,1,11.28,9,5076,106596,3172019,0,496527777777778,101.52,5076,4.3
53316615566,2,1,1,51.07,7,178745,3753645,1122019,0,4875,357.49,178745,7
12413111458,2,2,2,79.59,3,119385,2507085,182019,0,604166666666667,238.77,119385,6.6
17617811170,1,2,2,33.81,3,50715,1065015,1262019,0,632638888888889,101.43,50715,7.3
36115910574,3,2,1,90.53,8,36212,760452,3152019,0,616666666666667,724.24,36212,6.5
10118114070,2,2,2,62.82,2,6282,131922,1172019,0,525,125.64,6282,4.9
63113411880,3,2,2,24.31,3,36465,765765,182019,0,797916666666667,72.93,36465,4.3
85218212749,3,1,2,64.59,4,12918,271278,162019,0,565972222222222,258.36,12918,9.3
87311416353,1,2,2,24.82,7,8687,182427,2162019,0,439583333333333,173.74,8687,7.1
58416614073,1,1,1,56.5,1,2825,59325,3132019,0,65625,56.5,2825,9.6
54415519589,3,2,2,21.43,10,10715,225015,1282019,0,49375,214.3,10715,6.2
16611912553,2,2,2,89.06,6,26718,561078,1182019,0,726388888888889,534.36,26718,9.9
73718815876,1,2,2,23.29,4,4658,97818,3192019,0,494444444444444,93.16,4658,5.9
15418717367,1,1,2,65.26,8,26104,548184,3152019,0,586111111111111,522.08,26104,6.3
88515610389,3,2,2,52.35,1,26175,549675,2122019,0,742361111111111,52.35,26175,4
60810513804,3,2,1,39.75,1,19875,417375,2252019,0,846527777777778,39.75,19875,6.1
44816113783,2,1,1,90.02,8,36008,756168,3212019,0,672222222222222,720.16,36008,4.5
76114910439,1,2,1,12.1,8,4.84,101.64,1192019,0,428472222222222,96.8,4.84,8.6
49019510021,2,2,1,33.21,10,16605,348705,182019,0,600694444444444,332.1,16605,6
11513817388,2,2,2,10.18,8,4072,85512,3302019,0,535416666666667,81.44,4072,9.5
31111316971,3,2,1,31.99,10,15995,335895,2202019,0,6375,319.9,15995,9.9
29115516563,2,2,1,34.42,6,10326,216846,3302019,0,53125,206.52,10326,7.5
54814813156,1,2,2,83.34,2,8334,175014,3192019,0,567361111111111,166.68,8334,7.6
46019315834,1,1,2,45.58,7,15953,335013,1132019,0,41875,319.06,15953,5
32518914209,1,2,1,87.9,1,4395,92295,252019,0,820833333333333,87.9,4395,6.7
88418016021,1,2,1,73.47,10,36735,771435,3232019,0,551388888888889,734.7,36735,9.5
13717418729,1,1,2,12.19,8,4876,102396,3132019,0,532638888888889,97.52,4876,6.8
88014615796,3,2,1,76.92,10,38.46,807.66,3172019,0,828472222222222,769.2,38.46,5.6
38917012397,1,1,1,83.66,5,20915,439215,2212019,0,434722222222222,418.3,20915,7.2
11413515271,3,1,1,57.91,8,23164,486444,272019,0,629166666666667,463.28,23164,8.1
60717616216,2,2,2,92.49,5,231225,4855725,322019,0,690972222222222,462.45,231225,8.6
71512011673,3,1,2,28.38,5,7095,148995,362019,0,872916666666667,141.9,7095,9.4
81113511094,2,2,2,50.45,6,15135,317835,262019,0,636111111111111,302.7,15135,8.9
69918811972,2,1,2,99.16,8,39664,832944,1282019,0,740972222222222,793.28,39664,4.2
78118418059,2,1,1,60.74,7,21259,446439,1182019,0,682638888888889,425.18,21259,5
40914916995,3,2,2,47.27,6,14181,297801,252019,0,428472222222222,283.62,14181,8.8
72515410677,3,2,2,85.6,7,29.96,629.16,322019,0,576388888888889,599.2,29.96,5.3
14610915432,3,2,1,35.04,9,15768,331128,292019,0,803472222222222,315.36,15768,4.6
37717917592,1,2,2,44.84,9,20178,423738,1142019,0,583333333333333,403.56,20178,7.5
50911010516,3,1,1,45.97,4,9194,193074,292019,0,501388888888889,183.88,9194,5.1
59519419924,2,2,2,27.73,5,69325,1455825,3262019,0,847916666666667,138.65,69325,4.2
86514119075,1,1,1,11.53,7,40355,847455,1282019,0,732638888888889,80.71,40355,8.1
54510718534,1,1,1,58.32,2,5832,122472,2142019,0,529166666666667,116.64,5832,6
11816211812,3,2,2,78.38,4,15676,329196,3242019,0,747222222222222,313.52,15676,7.9
45014213339,3,1,1,84.61,10,42305,888405,292019,0,790277777777778,846.1,42305,8.8
85119813555,3,1,1,82.88,5,20.72,435.12,3242019,0,588888888888889,414.4,20.72,6.6
18617115196,2,2,1,79.54,2,7954,167034,3272019,0,6875,159.08,7954,6.2
62410118356,1,1,1,49.01,10,24505,514605,1272019,0,447222222222222,490.1,24505,4.2
31316619943,2,2,1,29.15,3,43725,918225,3272019,0,853472222222222,87.45,43725,7.3
15112718496,2,1,1,56.13,4,11226,235746,1192019,0,488194444444444,224.52,11226,8.6
45313316436,3,1,2,93.12,8,37248,782208,272019,0,422916666666667,744.96,37248,6.8
52215718364,1,2,1,51.34,8,20536,431256,1312019,0,416666666666667,410.72,20536,7.6
45914512396,1,2,1,99.6,3,14.94,313.74,2252019,0,78125,298.8,14.94,5.8
71719614189,1,1,2,35.49,6,10647,223587,222019,0,527777777777778,212.94,10647,4.1
72211312115,3,2,1,42.85,1,21425,449925,3142019,0,65,42.85,21425,9.3
74918118133,3,1,2,94.67,4,18934,397614,3112019,0,502777777777778,378.68,18934,6.8
77716712495,1,1,1,68.97,3,103455,2172555,2222019,0,476388888888889,206.91,103455,8.7
63619813364,2,2,1,26.26,3,3939,82719,322019,0,525,78.78,3939,6.3
24615516923,2,2,1,35.79,9,161055,3382155,3102019,0,629166666666667,322.11,161055,5.1
18118216255,3,1,1,16.37,6,4911,103131,282019,0,456944444444444,98.22,4911,7
83810211821,2,2,1,12.73,2,1273,26733,2222019,0,506944444444444,25.46,1273,5.2
88714210517,3,1,1,83.14,7,29099,611079,1102019,0,438194444444444,581.98,29099,6.6
45711210244,3,2,1,35.22,6,10566,221886,3142019,0,575694444444444,211.32,10566,6.5
22613410034,3,1,2,13.78,4,2756,57876,1102019,0,465277777777778,55.12,2756,9
32114917382,2,2,1,88.31,1,44155,927255,2152019,0,734722222222222,88.31,44155,5.2
39712518725,2,2,1,39.62,9,17829,374409,1132019,0,745833333333333,356.58,17829,6.8
43116612305,1,1,2,88.25,9,397125,8339625,2152019,0,86875,794.25,397125,7.6
82519415922,2,1,2,25.31,2,2531,53151,322019,0,809722222222222,50.62,2531,7.2
64116217288,2,1,1,99.92,6,29976,629496,3242019,0,564583333333333,599.52,29976,7.1
75619311854,2,2,1,83.35,2,8335,175035,222019,0,586805555555556,166.7,8335,9.5
24315518457,3,1,2,74.44,10,37.22,781.62,2272019,0,486111111111111,744.4,37.22,5.1
45811018612,1,1,1,64.08,7,22428,470988,1202019,0,51875,448.56,22428,7.6
50116111753,3,1,2,63.15,6,18945,397845,132019,0,85,378.9,18945,9.8
23510618510,2,2,1,85.72,3,12858,270018,1242019,0,874305555555556,257.16,12858,5.1
43310817822,3,1,1,78.89,7,276115,5798415,152019,0,825,552.23,276115,7.5
36118512571,3,1,1,89.48,5,22.37,469.77,3302019,0,429166666666667,447.4,22.37,7.4
13117018179,1,2,1,92.09,3,138135,2900835,2172019,0,685416666666667,276.27,138135,4.2
50010212261,1,1,2,57.29,6,17187,360927,3212019,0,711111111111111,343.74,17187,5.9
72017212436,3,1,2,66.52,4,13304,279384,322019,0,759722222222222,266.08,13304,6.9
70218315291,1,2,1,99.82,9,44919,943299,3272019,0,446527777777778,898.38,44919,6.6
80916919497,3,1,2,45.68,10,22.84,479.64,1192019,0,8125,456.8,22.84,5.7
44911616770,1,1,2,50.79,5,126975,2666475,2192019,0,620138888888889,253.95,126975,5.3
33312312632,1,2,1,10.08,7,3528,74088,3282019,0,843055555555556,70.56,3528,4.2
48918211237,1,1,2,93.88,7,32858,690018,152019,0,49375,657.16,32858,7.3
85919716048,1,2,2,84.25,2,8425,176925,3262019,0,592361111111111,168.5,8425,5.3
67611012200,3,2,2,53.78,1,2689,56469,232019,0,842361111111111,53.78,2689,4.7
37318811424,2,2,1,35.81,5,89525,1880025,262019,0,780555555555556,179.05,89525,7.9
36511614334,3,1,2,26.43,8,10572,222012,2242019,0,601388888888889,211.44,10572,8.9
50312114385,2,2,1,39.91,3,59865,1257165,2212019,0,527777777777778,119.73,59865,9.3
30518912768,2,2,1,21.9,3,3285,68985,192019,0,779861111111111,65.7,3285,4.7
57418011489,2,2,1,62.85,4,12.57,263.97,2252019,0,556944444444444,251.4,12.57,8.7
78410810310,2,2,2,21.04,4,4208,88368,1132019,0,581944444444444,84.16,4208,7.6
20014016154,3,2,1,65.91,6,19773,415233,292019,0,489583333333333,395.46,19773,5.7
84611010341,2,1,2,42.57,7,148995,3128895,162019,0,49375,297.99,148995,6.8
57713417579,1,2,2,50.49,9,227205,4771305,1102019,0,719444444444444,454.41,227205,5.4
43010213888,3,1,1,46.02,6,13806,289926,272019,0,663194444444444,276.12,13806,7.1
86714711948,2,1,1,15.8,10,7.9,165.9,192019,0,504861111111111,158,7.9,7.8
38415916655,3,2,2,98.66,9,44397,932337,2192019,0,629861111111111,887.94,44397,8.4
25615813609,1,2,2,91.98,1,4599,96579,3182019,0,645138888888889,91.98,4599,9.8
32419213863,3,2,1,20.89,2,2089,43869,252019,0,78125,41.78,2089,9.8
59310815916,1,1,2,15.5,1,0.775,16275,3192019,0,640972222222222,15.5,0.775,7.4
36413412972,1,2,2,96.82,3,14523,304983,3302019,0,859027777777778,290.46,14523,6.7
79414213736,3,1,1,33.33,2,3333,69993,1262019,0,611805555555556,66.66,3333,6.4
17214218274,2,1,1,38.27,2,3827,80367,322019,0,7625,76.54,3827,5.8
55816015016,2,1,2,33.3,9,14985,314685,342019,0,64375,299.7,14985,7.2
19510610432,1,2,1,81.01,3,121515,2551815,1132019,0,538194444444444,243.03,121515,9.3
60510312706,1,1,1,15.8,3,2.37,49.77,3252019,0,751388888888889,47.4,2.37,9.5
21413012776,1,2,1,34.49,5,86225,1810725,3112019,0,822222222222222,172.45,86225,9
74610411077,2,2,2,84.63,10,42315,888615,112019,0,483333333333333,846.3,42315,9
44813418700,2,2,2,36.91,7,129185,2712885,2102019,0,577083333333333,258.37,129185,6.7
45210418808,2,1,2,87.08,7,30478,640038,1262019,0,636805555555556,609.56,30478,5.5
53115614728,2,1,2,80.08,3,12012,252252,2112019,0,645138888888889,240.24,12012,5.4
74418219138,1,1,2,86.13,2,8613,180873,272019,0,749305555555556,172.26,8613,8.2
88316911285,3,2,1,49.92,2,4992,104832,362019,0,496527777777778,99.84,4992,7
22112515073,2,1,2,74.66,4,14932,313572,342019,0,44375,298.64,14932,8.5
51817116847,1,2,1,26.6,6,7.98,167.58,2262019,0,631944444444444,159.6,7.98,4.9
15612010370,2,1,1,25.45,1,12725,267225,3102019,0,756944444444445,25.45,12725,5.1
15113317434,2,1,2,67.77,1,33885,711585,242019,0,863194444444444,67.77,33885,6.5
72814719078,2,2,2,59.59,4,11918,250278,1192019,0,531944444444444,238.36,11918,9.8
80914611866,3,1,1,58.15,4,11.63,244.23,1232019,0,738888888888889,232.6,11.63,8.4
13913214183,1,2,2,97.48,9,43866,921186,3142019,0,596527777777778,877.32,43866,7.4
14814117930,1,1,2,99.96,7,34986,734706,1232019,0,439583333333333,699.72,34986,6.1
18914015216,3,1,1,96.37,7,337295,7083195,192019,0,486111111111111,674.59,337295,6
37413815555,3,1,1,63.71,5,159275,3344775,272019,0,8125,318.55,159275,8.5
76414418999,2,1,2,14.76,2,1476,30996,2182019,0,6125,29.52,1476,4.3
55214415977,2,2,2,62,8,24.8,520.8,132019,0,797222222222222,496,24.8,6.2
26716217380,2,2,2,82.34,10,41.17,864.57,3292019,0,8,823.4,41.17,4.3
43015314718,3,2,1,75.37,8,30148,633108,1282019,0,656944444444444,602.96,30148,8.4
88611812897,2,1,1,56.56,5,14.14,296.94,3222019,0,795833333333333,282.8,14.14,4.5
60211616955,1,1,2,76.6,10,38.3,804.3,1242019,0,756944444444445,766,38.3,6
74517410715,2,1,2,58.03,2,5803,121863,3102019,0,865277777777778,116.06,5803,8.8
69010116631,1,1,1,17.49,10,8745,183645,2222019,0,774305555555555,174.9,8745,6.6
65214916720,2,2,2,60.95,1,30475,639975,2182019,0,486111111111111,60.95,30475,5.9
23316715758,3,1,1,40.35,1,20175,423675,1292019,0,573611111111111,40.35,20175,6.2
30319612227,3,1,2,97.38,10,48.69,1022.49,322019,0,719444444444444,973.8,48.69,4.4
72710211313,2,2,2,31.84,1,1592,33432,292019,0,556944444444444,31.84,1592,7.7
34715612442,1,1,1,65.82,1,3291,69111,2222019,0,647916666666667,65.82,3291,4.1
84910913807,1,2,1,88.34,7,30919,649299,2182019,0,561111111111111,618.38,30919,6.6
